agentparticipatedinevent_1,agentparticipatedinevent_2
24,25
152,153
460,461
1046,153
1087,153
12,153
1546,1547
1717,1692
377,2251
2586,153
2708,153
2719,153
2831,153
3144,2570
3407,1692
3527,3528
3188,2570
3908,153
4169,153
4175,4176
4433,153
4489,153
4647,153
377,5059
2170,461
5462,153
5639,153
5864,153
7264,1692
8073,8074
8193,4645
168,2570
9543,461
4959,153
9728,153
478,461
10329,153
10354,153
10381,461
10476,153
4442,1692
10885,1692
1216,11182
11253,153
11353,153
11532,1266
24,11584
11615,2570
11717,153
5952,12067
299,153
12221,12222
11239,153
12634,1692
12805,153
12814,1547
13164,153
2571,13611
13848,461
614,153
14125,153
14150,153
2064,14866
14872,153
15003,1692
2900,153
15344,4176
15701,153
24,3528
15948,153
16218,153
662,2570
1914,16403
700,1266
16473,153
2277,9434
13557,16860
1974,153
6430,461
17570,153
3462,17705
18000,153
6701,153
1216,18573
18741,153
1523,9434
19058,19059
19079,153
3131,461
6387,153
19330,153
2064,19388
19630,153
19997,153
20026,1692
20033,153
599,153
450,2570
2064,20356
1216,16860
377,20914
12,20935
20945,153
21015,153
21181,2570
2064,21270
8181,153
21608,1692
3354,1692
21742,153
617,153
21778,461
377,22223
12573,16403
24,22345
287,153
10520,153
22853,1692
5561,153
3462,1547
172,2570
21367,1692
17173,1692
326,2570
2636,4645
2064,23736
383,2570
3529,153
5848,153
1216,4176
24167,461
3162,1692
24553,461
2943,461
9435,9434
24648,153
25144,153
25164,153
2064,7980
18651,153
24168,153
5361,2570
377,25741
15261,9434
26398,1692
26638,1692
26680,461
6644,16860
6430,1547
26791,1692
27121,1692
27538,2570
27658,153
28082,1692
28299,28300
28352,1692
27602,153
24,28395
28507,2570
28539,153
8952,1692
29370,153
29372,1692
7814,153
13885,1692
9118,2570
1217,153
9045,153
5008,10006
30265,153
30462,1266
2205,153
1693,2570
3819,1692
21484,153
6431,153
377,7367
22619,153
2277,1692
31289,153
5312,153
31378,153
30499,153
1216,23717
31551,1692
5848,461
14416,461
2557,153
1546,4645
29461,153
8974,461
32116,153
26144,12222
27707,2570
2882,461
9435,153
32515,153
31960,16860
32810,461
4004,26098
2868,153
11373,461
1216,17705
9294,153
33426,461
6620,153
33465,153
6635,153
9816,1692
33995,1692
34098,153
26120,1692
2064,24231
34251,153
4022,1692
15898,153
154,153
87,2570
31755,153
2064,24385
2064,1908
34818,153
6810,153
25383,4645
16614,2570
35082,153
864,1692
18347,153
23481,2570
4324,35380
13772,35556
26775,153
4107,1692
35737,153
27789,153
19849,461
24,4645
27538,1692
36409,153
36834,153
36855,153
36905,1692
2688,461
37041,153
16118,153
37316,461
2064,37402
9816,37500
3462,37610
37686,9434
37812,461
5172,1692
2303,3227
32463,1692
35442,1692
1216,38030
136,153
38123,153
38182,153
2442,153
2205,9434
1004,2570
38328,153
1216,38346
1216,38382
38388,461
38420,153
21951,153
1102,2570
14372,153
28398,153
7268,461
38722,153
8538,38935
14870,1692
20779,153
18830,153
2064,28310
29564,1692
798,153
10778,39174
6704,153
39203,1692
3279,1692
39280,153
39297,153
39323,153
39398,153
39472,153
39561,153
1916,1692
664,153
1015,1692
39955,1692
30640,1692
40150,461
17221,40251
38651,153
1216,16782
377,13735
1216,12807
17776,16860
40863,153
17221,17220
2990,1692
26601,1692
41524,153
41536,1692
41575,1692
41679,153
1216,36367
8538,21339
1523,153
34801,1692
4926,2570
4004,42290
1216,42432
5597,153
6430,153
38610,153
20113,9434
9871,1692
24,42805
42850,153
8647,1692
2082,461
42888,153
24,11182
43025,461
40879,1692
43136,153
2064,21920
43570,153
23300,1692
14227,153
4853,153
35741,153
3527,1547
5947,153
12317,153
13250,1692
3959,153
377,44696
17776,4645
11475,1692
2269,9434
44968,12222
10634,2570
31752,153
45081,153
14501,153
45298,153
741,153
44599,153
19167,153
789,153
10294,153
46401,153
46506,1692
5937,461
7488,461
46715,153
6971,153
46806,1692
3969,153
2277,42515
47243,153
2064,47340
22403,153
47552,153
29221,153
41042,153
7814,1692
47646,153
30650,153
31134,153
4148,2570
3393,2570
1355,2570
48393,153
17994,461
11015,2570
3900,2570
2170,153
562,2570
48816,153
48840,1692
16520,1692
1061,153
23205,153
49110,153
5754,461
16417,26098
9594,153
17659,153
26681,153
18421,1692
2328,153
6704,49560
49646,153
49654,28284
49704,153
22619,42515
49833,153
2338,2570
34075,153
15948,45250
19575,153
32782,153
50178,153
281,2570
50295,1692
50330,1692
50364,2570
50366,153
50399,3227
377,49560
50592,1692
3775,153
50580,153
50990,153
51060,153
11084,153
5872,153
7039,2570
23739,28284
22539,153
15008,2570
6955,1692
2571,1692
7607,461
50061,153
690,2570
140,153
51890,1692
13027,1692
34988,153
4249,153
32505,153
6637,461
10278,2570
32782,52387
377,42515
5356,3227
3034,10006
7821,1692
932,2570
52865,1692
14291,153
32116,21339
39345,1266
17733,9434
377,24504
40306,153
4324,14743
37692,153
53612,153
25148,153
53637,153
53663,461
14550,1692
53803,461
41422,1692
1216,153
14416,153
2064,44033
54024,1692
377,54093
25917,153
13526,153
27738,1692
377,46985
350,2570
54500,153
784,153
50228,461
51851,26647
51890,153
55025,153
3121,153
1434,1692
55218,461
1546,16860
9871,153
55443,153
29490,153
5215,153
24,17705
22539,1692
377,55691
29303,1692
11838,153
2571,153
54939,4176
19457,153
2064,44349
2226,1692
26110,16860
52615,1692
56352,153
15850,153
3995,153
2277,10157
54988,153
7032,1692
1774,1692
377,51879
24,23717
2064,5873
38343,1692
56736,1692
32017,153
56920,153
5754,153
5356,16403
971,2570
30213,1692
17051,1692
29303,12222
5010,153
34988,1908
49078,153
18133,1692
3462,22345
672,153
2327,153
22911,3227
10674,1692
54947,1692
29510,9434
17654,1692
16513,1692
5797,1692
36484,153
108,1692
5129,153
14324,153
44100,153
3131,153
1081,2570
31378,1692
58022,153
3462,4176
57772,153
29310,153
20026,3227
28101,153
11717,1692
39155,153
18006,153
1655,1266
3162,153
9813,1692
58704,153
26826,153
53927,153
45541,153
12221,1692
58836,153
377,58867
46370,19059
26243,153
47147,1547
37244,1692
12,461
18809,1692
3527,16860
31071,153
28928,153
59294,9434
23635,1692
27243,4645
4489,461
45628,153
1216,35877
3893,2570
13557,4176
53984,153
21850,9434
2703,2570
59890,153
35439,1692
1677,153
59997,153
2064,36561
1656,153
1216,14743
6644,153
13681,153
8193,461
58412,153
5597,4176
22911,1266
24,153
2205,1692
37316,153
45804,1692
7836,153
1216,42805
52263,1692
3627,1692
6644,4645
45196,2570
54939,153
24,12807
26638,3227
61097,153
377,61108
30500,153
2205,61190
4175,461
10885,153
17776,1547
1216,24754
9625,153
3338,153
59457,153
4602,2570
1434,153
55047,461
69,2570
5597,461
61731,153
23832,153
3462,153
51117,153
46370,153
3462,3528
41697,1692
377,47685
15886,153
1216,62128
62132,153
62174,1692
62187,153
22976,153
62288,153
41646,153
32694,1692
55639,153
2064,1692
48756,153
377,4328
3462,4645
10723,1692
15003,3227
19053,153
61437,153
58469,1692
3527,461
22425,153
377,62766
2064,20318
2967,1692
664,461
3034,153
51993,21339
14125,1692
1784,153
17776,461
24,28342
2571,17548
20564,153
11015,1692
41777,1692
1175,1692
3631,153
43151,153
6644,1547
2586,2570
6704,45250
9422,1692
2224,461
26601,153
1758,153
37119,153
446,2570
7364,153
35302,153
45477,153
18471,1692
64181,153
2247,2570
64209,1692
64214,153
1157,461
3710,153
1138,1692
447,2570
904,153
34098,461
64526,16403
64763,153
8841,153
377,48557
4822,153
64873,1692
64885,153
8073,57169
36876,153
7013,153
2999,153
29303,153
24171,153
2637,153
65108,153
8193,3528
2571,21339
2571,2570
8869,153
5934,1692
4290,2570
65255,1692
56592,1692
8538,65291
3475,1692
12573,1266
12814,461
18116,1692
10844,1692
16417,42515
377,6813
65707,153
4661,2570
65868,153
65903,153
36,153
1098,153
15279,153
4048,2570
66043,153
8073,66123
56786,1692
66181,153
10583,153
377,66262
40895,1692
41792,153
30494,153
50918,153
449,2570
377,2853
8495,1692
2010,1692
45628,461
21586,1692
17205,153
29564,12222
49030,1692
55377,2570
45628,1547
24,35877
377,49868
3462,22708
10778,1692
1334,153
32670,1692
10778,3227
19694,12109
9288,153
67029,153
16267,153
45937,153
34456,153
43954,153
21922,2570
9079,1908
7224,153
2064,19671
67269,3227
6340,1692
18791,3227
377,67437
3539,1692
25146,1692
52805,1692
42727,1938
8193,4176
24229,153
18716,461
287,461
57010,1692
67713,153
2063,1692
24167,153
17528,1692
24196,1692
3972,153
12709,153
1216,1547
9206,153
377,68098
51419,1692
172,26647
68171,153
23653,153
68268,153
7821,153
2593,2570
377,68366
377,68371
377,25952
10560,153
49665,153
2064,40949
68448,1692
42359,153
8477,153
39617,153
1546,4176
33229,153
68541,153
617,1692
501,2570
13529,153
34645,153
14394,461
1216,11584
55562,153
377,24478
34047,153
27707,3227
50447,153
26651,153
3486,1692
17803,153
62473,1266
22097,9434
4774,2570
32321,1692
2303,1692
525,1692
4846,153
23467,461
69028,153
69041,461
54679,153
13772,153
35673,153
1216,25117
27243,461
1216,461
55618,153
1914,2570
69321,153
42531,153
63446,1692
69427,153
1216,22345
66085,1692
54597,153
51016,153
13557,461
69570,153
7068,153
6118,461
67669,153
26144,1692
14451,1692
45705,153
2269,153
5143,153
28499,1692
6539,1692
1884,153
3970,153
2277,60961
69978,153
24,70034
67190,153
68482,153
33648,2570
32017,45250
17528,153
2688,1547
24733,153
377,53784
70229,153
23832,461
68,2570
6637,153
65718,153
10922,2570
24,35380
57303,45250
70456,153
6488,12222
1216,70470
65941,153
4253,153
8193,1547
39866,1692
29510,153
22425,9434
133,153
68230,153
53751,461
34691,153
51993,70659
741,461
24,70686
67673,153
2064,25354
31551,48112
23467,153
70849,1692
2202,35627
53384,153
70890,153
56171,153
27691,1692
70904,1692
26105,153
875,1692
12,34009
54785,153
41369,153
32560,153
4175,16860
2943,153
2277,153
27637,153
614,461
2882,1908
3312,461
70700,153
848,461
3486,1908
57898,1692
45601,153
1913,2570
48755,153
16204,1266
59916,4176
377,21905
1693,1692
10715,1692
43436,1692
64460,1692
38052,153
24,18573
10778,16403
43685,153
377,45401
71002,153
12697,1692
7685,153
2277,62546
5952,35627
2064,39692
3462,16860
62376,1692
1216,25
45672,153
6698,1692
3360,2570
9026,461
65108,1692
5597,25117
377,71740
35439,12222
11373,153
377,68713
47147,153
10857,1692
4285,153
377,71911
4275,153
70999,153
59221,1692
27243,3528
29648,153
41506,153
42564,153
14324,1692
49654,1692
71334,1692
2064,3457
39546,1692
71717,153
32787,153
12406,1692
2390,153
377,72287
29198,153
10793,2570
34969,153
2064,21011
50061,461
50399,1692
45274,1692
5356,39174
16417,153
24,36367
977,1266
8538,1692
1216,37610
52649,153
35,2570
72648,10006
2018,153
72672,1692
72746,153
848,153
377,21339
20026,1938
69322,461
60755,1692
1546,461
1216,61274
50002,1692
2064,39058
46352,153
52094,153
37812,153
2481,461
4090,1692
68583,1692
1216,42778
2304,1692
1631,9434
42727,1692
27430,153
16513,153
11118,153
23590,153
2308,28300
19694,153
73086,1692
44943,153
32017,12109
23718,153
70458,3227
2205,21339
73149,2570
5937,4176
3689,16403
4253,42515
54939,461
64347,153
633,153
2064,63710
245,10006
50305,153
377,42003
32017,1692
3974,153
2064,37223
54791,1692
9690,153
27243,4176
10715,153
377,376
51993,45250
8748,1692
6487,1692
46192,153
30436,1692
8495,3227
57569,153
99,2570
16805,1692
14537,1692
6839,1692
44680,153
16118,461
7791,26647
15577,1692
69539,153
66119,153
24963,153
51388,153
23739,1692
476,2570
4165,2570
39421,1692
73386,153
10778,153
11029,153
73925,153
57411,1692
73942,3227
59513,461
8073,153
2064,1249
1216,67753
6805,153
1216,3528
2953,1692
4653,153
17961,153
3527,153
2244,2570
8193,16860
45717,153
59734,153
31,1692
6704,7817
7677,153
377,153
26673,153
6704,17817
18735,153
1216,35380
2830,153
1216,74144
25431,1692
10844,153
42927,153
31897,153
59208,1692
24,16860
74346,1692
7077,153
49062,153
3846,153
2348,461
66549,1692
21849,153
65872,153
8114,153
53545,461
377,62546
72511,153
617,16403
49717,153
27243,1547
11477,461
57303,153
2390,1692
1216,74461
2194,1692
60207,153
24,461
29262,153
282,2570
74486,1692
66682,153
10961,16403
18180,153
33729,153
377,12222
67352,1692
24,33184
44001,153
50937,1692
859,153
39371,1692
377,1266
3462,35380
10467,1692
377,11991
24584,153
25829,1692
48435,153
172,1692
42284,1692
379,16403
53663,1547
20643,153
59221,59220
107,153
1781,153
74570,1692
71537,1692
37463,153
47548,153
33390,1692
74670,153
3462,36367
2571,66591
377,60961
26110,153
61981,153
377,1692
37187,153
1546,153
8073,21339
3034,461
13978,153
72351,1692
28870,153
70956,153
5356,26647
13557,1547
1098,461
46664,153
24,37610
4662,2570
2593,16403
71445,461
9816,153
3689,1692
22097,153
377,45696
778,153
57370,153
377,9434
16417,9434
8073,1692
108,153
26638,16403
1138,9434
8974,153
24,1547
5356,1692
5010,461
59916,461
47194,461
30650,461
39914,12109
48535,1692
687,2570
7032,28284
45117,153
15963,153
3350,153
14391,2570
9417,1692
74868,1692
484,1692
7814,1266
30671,153
27243,153
45088,153
5356,153
4694,4176
68171,9434
6644,4176
39866,21905
32093,153
10583,1692
377,74633
64981,1692
51993,153
34570,153
73300,1692
72010,153
377,72221
36,1692
73645,461
31707,153
4175,1547
13557,3528
4324,461
24,38346
2971,461
18791,1692
69326,1692
1061,3528
55774,153
617,3227
31551,2570
73611,153
29670,2570
9295,1692
38182,1266
1061,461
116,153
3462,35877
67409,153
71108,153
5356,10006
17994,12222
871,153
3462,38030
30312,153
10778,1266
5597,1547
16509,153
486,2570
18954,153
48902,153
3567,2570
72216,72215
2688,153
23832,1547
8150,153
71698,153
8180,153
27243,16860
74881,153
3462,11584
859,1692
17733,153
21778,153
24938,461
53730,153
1459,153
10857,153
71471,1692
45800,1692
15261,1692
38182,1692
22911,1692
7815,153
26144,1266
2202,75299
46506,153
48780,1692
7617,153
27513,1692
74476,461
49062,461
1657,1692
16900,1692
25245,153
6704,68098
30823,153
2636,153
2830,461
3383,2570
133,16403
2286,2570
2737,153
377,57381
12,4645
13557,153
377,29060
19006,153
17221,30771
44793,153
11049,153
73545,1692
24743,153
30311,153
20260,1692
62639,1692
3801,1692
14211,153
2626,153
9075,153
1216,4645
39914,153
44760,1692
29063,153
7676,1692
63809,153
75402,153
53284,1692
52633,1692
10878,153
74263,153
2760,153
5356,1266
17426,153
14674,153
28646,153
37781,153
37316,1547
8073,60961
1445,1692
8193,153
1284,2570
42727,3227
62488,461
