films_in_this_genre_1,films_in_this_genre_2
12574,2468
12563,2809
2018,2019
12593,1872
12577,2383
12474,5576
12555,3062
12556,3032
12562,2843
12474,5571
12555,3072
12580,2293
12559,2942
12559,2956
12474,5589
12567,2705
2007,2393
12556,3056
12580,2322
12474,5603
12581,2287
1509,1460
12591,1984
12591,1985
2007,2415
12474,5621
12474,5618
12559,2992
12564,2843
1509,1494
12560,2988
12574,2551
12577,2456
12570,2674
12573,2594
1509,1510
12585,2221
1509,1512
1509,1513
1509,1514
12594,1952
1509,1517
1530,867
1509,1519
1509,1520
1509,1522
12474,5666
1509,1524
1509,1527
1509,1532
1509,1533
12581,2368
1509,1535
12474,5683
1509,1537
1509,1538
1509,1539
12573,2613
1509,1540
1509,1542
12569,2749
1509,1544
12474,5689
12580,2404
1509,1548
1509,1549
1509,1550
1509,1551
1509,1552
1509,1553
1509,1555
1509,1556
12571,2705
1509,1558
12590,2114
1509,1562
1509,1563
12592,2048
1509,1564
1509,1565
12561,3020
1509,1567
1509,1570
1509,1572
1509,1573
1511,1512
12567,2843
1509,1575
1509,1577
1509,1578
12474,5721
1509,1579
1509,1580
1511,1519
1511,1520
1509,1582
1509,1583
1509,1584
1509,1586
1509,1592
1509,1593
1509,1594
1509,1595
12561,3041
1509,1597
12570,2774
1509,1600
1511,1538
1511,1539
1509,1602
1511,1540
1509,1603
1509,1604
1509,1605
1509,1606
1509,1607
1509,1609
1509,1610
1511,1549
1509,1613
1509,1614
1509,1615
1511,1555
1509,1617
1511,1556
12584,2351
1511,1558
1509,1621
1509,1622
2007,2571
1511,1563
1509,1626
1509,1627
1543,573
1509,1628
1509,1629
1509,1630
12474,5779
1509,1632
1509,1633
1509,1634
1509,1635
1509,1636
1511,1575
1509,1638
12574,2690
1509,1641
1509,1642
12575,2668
1515,1460
1509,1646
1511,1586
1509,1649
1509,1651
12570,2818
1509,1652
1509,1654
1511,1593
1509,1656
1511,1594
12574,2703
1509,1657
1509,1658
1509,1659
1509,1660
1511,1599
1509,1661
1511,1600
1509,1662
1509,1666
1509,1669
12566,2972
1509,1670
1509,1671
1509,1672
1509,1673
12586,2348
1509,1675
1509,1676
12474,5832
1509,1677
1509,1678
1509,1680
1509,1681
1509,1683
12573,2770
1509,1686
1509,1687
1509,1688
1543,636
1509,1691
12571,2840
1509,1694
1511,1632
1511,1633
1511,1634
1509,1696
1511,1635
1509,1697
1509,1698
1509,1699
1509,1700
12592,2198
1509,1702
1515,1516
12585,2412
1511,1641
1509,1703
12569,2906
1511,1642
1509,1707
1511,1646
1509,1709
1509,1710
1511,1649
1509,1711
2007,2656
1509,1712
1509,1713
1509,1714
1509,1715
1509,1716
1509,1717
1511,1656
2007,2664
1509,1719
1515,1535
1509,1721
1511,1659
1509,1722
1509,1723
1509,1724
12567,2997
12569,2935
1511,1664
1509,1726
1509,1727
1509,1730
1509,1731
1509,1734
1511,1672
1509,1737
1509,1740
1511,1680
1509,1743
12581,2573
1509,1748
1511,1686
1511,1687
1509,1751
1509,1752
1509,1753
1509,1755
1509,1756
1509,1757
1509,1758
1509,1759
1511,1698
1515,1574
1509,1760
1511,1699
1509,1763
12579,2664
1509,1765
1509,1766
12574,2817
1509,1767
1509,1768
1511,1707
12581,2596
1509,1770
1509,1772
1509,1773
12577,2735
1511,1711
1509,1774
1509,1778
1511,1716
1509,1779
1511,1719
1509,1783
1511,1722
1509,1784
1509,1785
1509,1786
1509,1787
1511,1726
1509,1788
1511,1727
1509,1789
1509,1790
1509,1791
1509,1792
1511,1731
1509,1793
1509,1794
1515,1608
1511,1733
1509,1795
1509,1796
1518,1519
1515,1612
1511,1737
1515,1614
12571,2941
1515,1616
1509,1802
1509,1803
1509,1805
1515,1620
1509,1806
1509,1808
1509,1809
1515,1624
1509,1810
1515,1626
1509,1813
1511,1752
1511,1753
1509,1816
1509,1817
1511,1755
1509,1818
1509,1819
1509,1821
1515,1636
1509,1822
1511,1760
1509,1824
1515,1640
1509,1826
1509,1828
1509,1829
1511,1768
1509,1830
1509,1831
1509,1832
2007,2778
1511,1773
1509,1835
1511,1774
1509,1837
1509,1838
1509,1839
12573,2918
1509,1841
1511,1779
1509,1842
1509,1843
1509,1844
1509,1846
1509,1847
1515,1661
1509,1849
1511,1788
1509,1850
1509,1851
1515,1665
1509,1852
1509,1854
1511,1792
1509,1858
1509,1859
1509,1860
1509,1862
1511,1803
1518,1586
1509,1865
1509,1866
1515,1682
1509,1868
1509,1869
1515,1684
1509,1870
1509,1871
1511,1809
1511,1810
1509,1872
1509,1874
1509,1875
1518,1596
1515,1690
1509,1876
1509,1877
1511,1815
1515,1692
1509,1879
1509,1880
1515,1694
1511,1818
1515,1695
1509,1884
1511,1822
1509,1885
1509,1886
1509,1887
2007,2835
1509,1888
1509,1889
1509,1890
1511,1831
1509,1895
1509,1896
1509,1897
1509,1898
1509,1900
1515,1714
12474,6056
1509,1901
12591,2426
12574,2954
1509,1903
12580,2768
1509,1904
1509,1906
12574,2950
1509,1907
1515,1723
1509,1910
1515,1725
1509,1911
1511,1850
1509,1914
1515,1728
1509,1916
1515,1731
1509,1919
1543,867
12586,2596
1509,1921
1515,1736
1509,1922
1511,1860
1509,1924
1515,1738
1509,1925
1509,1926
1511,1865
1509,1928
1509,1929
1511,1868
1511,1869
1509,1931
1511,1870
1509,1934
1509,1935
1509,1936
1511,1875
1509,1937
1511,1877
1509,1939
1509,1940
1515,1755
1509,1942
1509,1943
1509,1944
1511,1884
1523,1512
1509,1946
1509,1948
1509,1949
1509,1950
1509,1952
1511,1890
1509,1954
1509,1955
1509,1956
12474,6112
1511,1895
1509,1957
1523,1524
1511,1896
1509,1958
1509,1959
1515,1774
1509,1961
1511,1900
1509,1962
1509,1963
1509,1964
1509,1966
1515,1781
1509,1967
1509,1968
1509,1969
1509,1970
1509,1971
1509,1972
2007,2921
1509,1974
1509,1975
1509,1977
1509,1978
1509,1979
1509,1981
1511,1919
12580,2845
1509,1984
1509,1985
1515,1801
1509,1988
1509,1989
1509,1990
1523,1556
1511,1929
1509,1993
1509,1994
12579,2883
1509,1996
1509,1997
1515,1811
1509,1998
1511,1937
1509,1999
1523,1567
1511,1939
1515,1815
1509,2003
1518,1725
1509,2004
1511,1943
1509,2005
1509,2006
1518,1728
1523,1573
1515,1821
1509,2008
12579,2901
1511,1948
1509,2010
1509,2011
1509,2012
1515,1827
1509,2013
1509,2015
1511,1955
1511,1957
1509,2020
1509,2023
1511,1962
1509,2026
1509,2027
1509,2028
1509,2029
1511,1967
1509,2030
12580,2895
1509,2031
12587,2676
1511,1971
1509,2035
1509,2036
1511,1974
1509,2037
1511,1976
1523,1605
12575,3059
1509,2039
1511,1978
1509,2040
1515,1855
1509,2041
1515,1856
1509,2042
1509,2043
1511,1981
1509,2044
1515,1858
1509,2045
1509,2046
1509,2047
1509,2048
1509,2049
1511,1988
1515,1864
1509,2051
1509,2054
1509,2055
1511,1993
1509,2056
1511,1994
1509,2057
1515,1871
1509,2059
1511,1997
1511,1998
1511,2000
1509,2062
1509,2063
1515,1878
1511,2003
12592,2554
1509,2065
1523,1632
1523,1633
1511,2006
1509,2069
1509,2070
1511,2011
1509,2073
1509,2074
1511,2012
1509,2075
1509,2076
1509,2077
1515,1891
1509,2079
12576,3065
1509,2080
1509,2081
1509,2082
1511,2020
1509,2083
1509,2084
1515,1898
12592,2581
1509,2086
1509,2088
1509,2090
1509,2093
1509,2096
1509,2098
1509,2099
1515,1913
1509,2100
12578,3031
1509,2101
1509,2103
1509,2104
1515,1918
1509,2105
1511,2043
1509,2106
1511,2044
1509,2107
1511,2046
1509,2108
1515,1923
1509,2109
1509,2110
1509,2111
1511,2049
1523,1680
1515,1928
1509,2114
1509,2115
1509,2118
12579,3012
1509,2120
1509,2121
1515,1935
1523,1688
1515,1938
1509,2125
1509,2126
1509,2127
1509,2128
1509,2129
1511,2067
1509,2130
1509,2131
1509,2132
1509,2133
1509,2134
1511,2073
1509,2136
1511,2074
1515,1951
1509,2137
1509,2138
1509,2140
1509,2143
1515,1957
1509,2144
1518,1866
1511,2083
1509,2146
1511,2084
1509,2147
1523,1713
1509,2148
1515,1962
1511,2088
1515,1965
1509,2151
1509,2152
1509,2153
1509,2156
1833,8501
1509,2161
1511,2099
1509,2162
1509,2164
12585,2878
1509,2165
1530,1514
1509,2166
1509,2168
1515,1982
1509,2169
1515,1983
1523,1737
1511,2109
1509,2171
1509,2172
1515,1987
1509,2173
1511,2111
1509,2175
1509,2176
1515,1991
1509,2178
1509,2179
1511,2118
1561,568
1530,1531
1515,1996
1509,2182
1509,2183
1509,2184
1561,573
1509,2185
1509,2186
1509,2187
1530,1537
1511,2127
1509,2190
1509,2192
1509,2193
1530,1542
1511,2131
1509,2194
1511,2132
1511,2133
1530,1544
1509,2196
1530,1545
1530,1546
1509,2197
1509,2198
1511,2137
1515,2014
1511,2138
1515,2015
1509,2201
1530,1550
1509,2202
1530,1551
1509,2203
1530,1553
1509,2204
1509,2206
1511,2144
12587,2855
1523,1773
1509,2209
1509,2210
1509,2211
1530,1560
1515,2025
1509,2212
1509,2214
1509,2215
1509,2216
1515,2030
1530,1565
1515,2031
1511,2156
1509,2218
1509,2219
1523,1786
1530,1570
1509,2222
1530,1572
1511,2162
1509,2224
1509,2228
1530,1577
1509,2229
1509,2230
1530,1579
1509,2231
1511,2169
1515,2046
1509,2232
1509,2233
1509,2235
1509,2237
1515,2051
1509,2240
1511,2178
1511,2179
1509,2243
1523,1809
1530,1592
1509,2244
1515,2059
1509,2246
1511,2185
1530,1596
1530,1597
1509,2249
1530,1599
1511,2190
1530,1601
1515,2067
1530,1602
1509,2253
12592,2747
1509,2254
1530,1604
1511,2193
1509,2255
1518,1976
1509,2256
1509,2257
1509,2258
1530,1607
1511,2197
1509,2259
1509,2260
1509,2261
1509,2262
1530,1612
1511,2201
1515,2077
1509,2264
1511,2203
1509,2265
1515,2079
1515,2080
1509,2266
1530,1616
1523,1834
1509,2268
1509,2270
1511,2209
1530,1620
1509,2274
1511,2212
1509,2275
1509,2276
1509,2277
1511,2215
1509,2278
1530,1627
1509,2279
1530,1628
1511,2219
1515,2095
1509,2283
1509,2284
1511,2222
1530,1634
1515,2100
1509,2286
1511,2224
1509,2289
1509,2290
1509,2292
1530,1641
1509,2294
1518,2016
1509,2295
1509,2297
1509,2298
1515,2112
1509,2299
1511,2237
1530,1650
1509,2301
1515,2115
1511,2240
1530,1651
1509,2302
1530,1653
1523,1870
1509,2304
1509,2305
1530,1654
12592,2794
1509,2306
1511,2246
1509,2308
1515,2122
1509,2309
1515,2123
1515,2124
1509,2311
1515,2125
1509,2312
1530,1661
1509,2314
1511,2253
1530,1664
1509,2315
1515,2130
1530,1665
1511,2255
1509,2318
12514,5229
1509,2319
1530,1668
1511,2258
1509,2320
1509,2321
1509,2322
1509,2323
1511,2261
1511,2262
1509,2324
1530,1673
1515,2139
1530,1674
1509,2325
1530,1676
1509,2327
1515,2141
1509,2328
1509,2329
1511,2268
1509,2331
1509,2332
1511,2270
1515,2148
1530,1683
1509,2335
1509,2336
1509,2337
1518,2058
1509,2338
1509,2339
1509,2340
1530,1689
1509,2341
1515,2155
1530,1691
1509,2342
1511,2283
1509,2346
1515,2160
12514,5250
1530,1697
1509,2348
1509,2349
1509,2350
1530,1700
1509,2352
1511,2290
1530,1702
1515,2168
1509,2354
1509,2355
1530,1704
1530,1705
1509,2357
1509,2358
1530,1708
1509,2360
1511,2298
1509,2362
1530,1712
1509,2363
1515,2177
1511,2302
1509,2364
1509,2366
1530,1715
1515,2181
1509,2367
1509,2368
1536,1531
1511,2306
1509,2369
1536,1532
1530,1718
1515,2184
1511,2309
1515,2185
12588,2980
1515,2186
1509,2372
1509,2373
1509,2374
1511,2312
1536,1537
1515,2189
1509,2375
1536,1539
1509,2376
1509,2377
1509,2378
1536,1542
1530,1728
12514,5295
1530,1729
1509,2381
1530,1731
1509,2382
1511,2320
1509,2383
1509,2385
1511,2323
1518,2107
1509,2387
12517,5211
1511,2328
1509,2390
1509,2391
1515,2206
1530,1742
1509,2393
1530,1743
1515,2208
1511,2332
1509,2394
1509,2396
1509,2397
1515,2211
1530,1747
1511,2336
1509,2398
1530,1750
1530,1751
12587,3042
12514,5305
1509,2402
1509,2403
1511,2341
1530,1753
1509,2404
1523,1970
1509,2406
1530,1756
1509,2408
1515,2223
1509,2410
1530,1759
1515,2224
1509,2411
1509,2413
1511,2352
1530,1763
1509,2415
12590,2967
1509,2416
1509,2417
1530,1767
1509,2418
1509,2419
1511,2357
1509,2420
12518,5211
1509,2422
1509,2423
1530,1772
1511,2362
1509,2425
1509,2426
1509,2427
1530,1776
1509,2429
12514,5344
1509,2430
1509,2431
1509,2432
1515,2247
1530,1782
1509,2433
1509,2435
1530,1785
1509,2437
12518,5225
1530,1787
1509,2438
1536,1602
1530,1789
1530,1790
1509,2441
1509,2442
1509,2443
1515,2257
1511,2383
1509,2446
1511,2385
1509,2447
1509,2448
1509,2449
1509,2450
1530,1800
1530,1801
1509,2452
1509,2454
1515,2269
1511,2393
1509,2455
1509,2456
1515,2271
1509,2457
1509,2458
1515,2273
1511,2398
12512,5437
1509,2461
12514,5373
1515,2276
1509,2462
1509,2464
1511,2402
1515,2279
1511,2403
1530,1814
1509,2465
1530,1815
12518,5245
1530,1816
1509,2467
1511,2408
1509,2470
1530,1819
1509,2472
12514,5380
1509,2473
1511,2411
1515,2288
1530,1823
1530,1824
1509,2475
1509,2476
1509,2478
1530,1827
1515,2292
1511,2416
12512,5452
1515,2293
12518,5266
1509,2480
1509,2481
1530,1830
1509,2482
12518,5261
1511,2420
1509,2483
1509,2485
12518,5276
1515,2300
1509,2486
12518,5273
1511,2425
12518,5274
1509,2487
1509,2488
1530,1837
1530,1838
1509,2489
1509,2491
1509,2492
1509,2493
1515,2309
1515,2310
12518,5280
1530,1847
1509,2499
1511,2437
1509,2500
1530,1849
1530,1850
1509,2501
12514,5413
1530,1852
1509,2503
1511,2441
1523,2070
1509,2505
1511,2443
12518,5288
1509,2506
1509,2507
1536,1670
1509,2508
1515,2322
1509,2509
1509,2510
1530,1860
12512,5484
12517,5329
1509,2511
1511,2450
1509,2512
1509,2513
1515,2327
12512,5479
12517,5324
1511,2452
1543,1460
1509,2515
1530,1864
1509,2517
1530,1866
1511,2455
1511,2456
1509,2518
1523,2084
1511,2457
1509,2519
1509,2520
1536,1683
1509,2521
1509,2523
12518,5302
1530,1872
1530,1873
1511,2462
1509,2524
1509,2525
1509,2526
1509,2527
12518,5314
1509,2529
1509,2530
1523,2098
1509,2532
1511,2470
1530,1881
1530,1882
12518,5324
1515,2347
1536,1697
1509,2534
1541,1542
1515,2349
1509,2535
12518,5322
1530,1885
1518,2257
12511,5536
1509,2536
1536,1700
1509,2537
1509,2538
12514,5442
1536,1702
1530,1889
1509,2540
1511,2478
1523,2107
8929,1901
1541,1550
12518,5329
1530,1891
1536,1705
1509,2543
1530,1893
1530,1894
1509,2547
1509,2548
1530,1897
1530,1898
1530,1899
1509,2552
12518,5335
1536,1715
12514,5459
1509,2553
1530,1902
1509,2554
1509,2555
1515,2370
1530,1906
1509,2557
1509,2561
12518,5344
12518,5341
1523,2128
1530,1912
1509,2564
12518,5355
1511,2503
1509,2566
1515,2380
12518,5353
1515,2381
1518,2288
1509,2567
1509,2568
1543,1514
1509,2569
1509,2570
1523,2137
1530,1920
1515,2385
12514,5474
1511,2510
1530,1921
1509,2572
1511,2511
1511,2512
1509,2574
1509,2575
1511,2513
1530,1925
1543,1522
1530,1926
1509,2577
1530,1928
1511,2518
1536,1743
1509,2581
2066,1700
1509,2582
1509,2583
1530,1932
1530,1933
1530,1934
1515,2399
12518,5368
1509,2585
1515,2400
12518,5365
1511,2524
1530,1935
1509,2586
1509,2587
1536,1750
1511,2525
12515,5472
1509,2588
12518,5380
1509,2589
1515,2404
1530,1939
1511,2529
1515,2405
1543,1537
1509,2592
1541,1601
1515,2407
1536,1756
1509,2594
12518,5374
1543,1542
1530,1945
1509,2596
12518,5387
1543,1544
1543,1545
1509,2599
1511,2537
1509,2600
1530,1949
1530,1950
1509,2601
1511,2540
1509,2603
1515,2417
1530,1954
1509,2605
1509,2606
12518,5394
1509,2607
1543,1553
1509,2608
1515,2422
12518,5392
1509,2609
1530,1958
1536,1772
1511,2547
12514,5513
1509,2610
12523,5234
1509,2611
1530,1960
12522,5266
1515,2425
12518,5403
1509,2612
1509,2613
1536,1776
12518,5401
1509,2615
1530,1964
12514,5523
1515,2430
1509,2616
12518,5399
12518,5400
1530,1966
12516,5459
1530,1967
1509,2619
1518,2341
1509,2621
1536,1785
1509,2622
1515,2436
1530,1972
1511,2561
1543,1570
1509,2624
12521,5314
1509,2625
12518,5408
1530,1974
1541,1634
1543,1572
12523,5250
1530,1975
1509,2626
1509,2627
1530,1977
1509,2628
12518,5419
1511,2567
1515,2444
1509,2631
8929,1984
1511,2570
1515,2446
1530,1981
1509,2633
8929,1985
1509,2635
1530,1984
1515,2449
1511,2574
1530,1985
1509,2637
1509,2639
1530,1988
1530,1989
1509,2640
1509,2641
1509,2642
1530,1991
1509,2644
12518,5435
1509,2645
1511,2583
1543,1592
1523,2212
1509,2646
1509,2647
1530,1996
1509,2648
12524,5245
1509,2649
1543,1597
1536,1814
1536,1815
1536,1816
12525,5227
1543,1599
1509,2654
1530,2004
12525,5225
1543,1601
1536,1818
1509,2655
1509,2656
1541,1664
1530,2005
12518,5440
1509,2658
1543,1604
1511,2596
12514,5562
1530,2008
1536,1823
12525,5234
1509,2661
1543,1608
1509,2662
1509,2663
1511,2601
1515,2477
12518,5445
1509,2667
1530,2016
1511,2606
1543,1614
1541,1676
1509,2668
12523,5305
1509,2669
1530,2020
1509,2671
1530,2021
1509,2673
1530,2022
1543,1620
1511,2612
12518,5453
1509,2674
1536,1838
1509,2675
1530,2025
12525,5250
1515,2490
1530,2026
1511,2615
1530,2027
1509,2678
1515,2493
1509,2679
12518,5466
1518,2401
1543,1627
1509,2681
12525,5247
1509,2682
1511,2621
1509,2683
12525,5245
1509,2684
1511,2622
1509,2685
12518,5476
1509,2686
12514,5597
1509,2687
12514,5598
1523,2253
1547,1510
1543,1634
12525,5254
1509,2688
1511,2626
1509,2689
1511,2627
12514,5596
1530,2039
12514,5593
1511,2628
12525,5252
12518,5469
1509,2692
1541,1700
1509,2693
1509,2694
1541,1702
2066,1812
1530,2044
1511,2633
1543,1641
12518,5479
1511,2635
12525,5261
1509,2699
12514,5615
1530,2049
1509,2701
1530,2050
1511,2639
12523,5334
1515,2516
1530,2052
1543,1650
1509,2704
12525,5271
1509,2705
1511,2645
1515,2521
1509,2707
1509,2708
1530,2057
12518,5499
1536,1872
12523,5345
1530,2058
12525,5280
1511,2649
12525,5281
1509,2711
12518,5496
1530,2062
1515,2528
1543,1661
1509,2715
1509,2716
1511,2655
1509,2717
1515,2531
1509,2718
1543,1665
12514,5630
1509,2719
1511,2658
12518,5503
2066,1838
1509,2720
1509,2721
1543,1668
1511,2662
1509,2724
12525,5298
1543,1670
1509,2725
12522,5392
12518,5513
1509,2726
1547,1548
1530,2076
1509,2727
1543,1673
1509,2728
12525,5294
1547,1550
12525,5295
1530,2078
1511,2667
1530,2079
1543,1676
1530,2080
1523,2298
1547,1555
1511,2671
1509,2733
12518,5524
1547,1556
1509,2734
1509,2735
1511,2673
12525,5305
1530,2085
12526,5271
1511,2675
12525,5303
1509,2738
1515,2552
1530,2087
1536,1902
12525,5301
12518,5518
1509,2740
1547,1563
1509,2741
1536,1905
1509,2742
12514,5653
12518,5529
1530,2091
12518,5530
1509,2743
1530,2092
1543,1689
12518,5527
1530,2094
12523,5373
1518,2466
1509,2746
12522,5401
1509,2747
1511,2685
1536,1910
12525,5309
1541,1756
1509,2748
1511,2686
1509,2749
1511,2687
1536,1912
12525,5323
12523,5382
1509,2750
1547,1572
1543,1697
12518,5538
1511,2689
1530,2101
12528,5225
1530,2102
12518,5536
1530,2103
1543,1700
1509,2754
12518,5533
1509,2755
1543,1701
1509,2756
12523,5392
1511,2694
1530,2106
1509,2758
1530,2107
1536,1921
12525,5328
12518,5546
1543,1705
1515,2574
12525,5326
12518,5544
1515,2576
1509,2762
1543,1708
12523,5387
12518,5542
1509,2764
1530,2113
1515,2579
1523,2331
1536,1928
1515,2580
1509,2766
1523,2332
1530,2116
12525,5337
1509,2767
1509,2768
12525,5334
1541,1776
12518,5551
1509,2769
1511,2707
1543,1715
1530,2119
1536,1933
1543,1716
1509,2770
12514,5674
1536,1934
1530,2120
1509,2771
1530,2121
1509,2772
12512,5750
1509,2773
1530,2122
12525,5344
12525,5345
12518,5562
1509,2776
1509,2777
1511,2716
1509,2778
1509,2779
1515,2594
1518,2502
1530,2130
12523,5417
1511,2719
1509,2781
1541,1789
12517,5603
1547,1604
1515,2598
1509,2784
12523,5413
1515,2599
12529,5227
1530,2135
1509,2786
1511,2724
1530,2136
1509,2787
12529,5225
1509,2788
1515,2603
1509,2789
1530,2138
1536,1953
1530,2139
1509,2791
1515,2605
1536,1954
1530,2140
1509,2792
1509,2793
1509,2794
1509,2795
12525,5357
12524,5401
12518,5587
12514,5711
1509,2797
12514,5712
12525,5368
1509,2798
1530,2147
1530,2149
1509,2800
1509,2801
1536,1964
1509,2802
1515,2617
1509,2804
12529,5254
12518,5595
1511,2742
12518,5596
1515,2620
1543,1753
1541,1816
1509,2808
1530,2157
1536,1972
12518,5592
1509,2809
1530,2158
12525,5372
1543,1756
1530,2159
1536,1974
12525,5373
12525,5386
1511,2750
12514,5727
12518,5603
12525,5387
1509,2813
12514,5728
1547,1635
1509,2815
1515,2629
12518,5602
12525,5385
1541,1824
12530,5227
12525,5382
1515,2630
1509,2816
1530,2166
1511,2755
1509,2818
12525,5380
1518,2539
12523,5442
1530,2167
12523,5443
12518,5598
1515,2634
1509,2820
12514,5735
1511,2758
1543,1767
1536,1984
1509,2821
12518,5612
1536,1985
1515,2636
12514,5733
12525,5392
1541,1830
1509,2823
1511,2762
1509,2825
1543,1772
1509,2826
1530,2177
1547,1651
1509,2829
12514,5744
12518,5620
1543,1776
12529,5276
1509,2830
12525,5401
12525,5398
1547,1654
1515,2646
1509,2833
1515,2647
1523,2399
1530,2183
1509,2834
12525,5396
1515,2649
1518,2556
1509,2835
1515,2651
12519,5597
1509,2838
1509,2839
1515,2653
1543,1785
1509,2840
12513,5779
1536,2004
1541,1849
1543,1787
1509,2841
12518,5621
12529,5280
1530,2191
1536,2005
12526,5373
12514,5745
1509,2842
1541,1850
1530,2192
1515,2657
1509,2844
1509,2845
1530,2195
1543,1792
1509,2846
1509,2847
12525,5417
1509,2848
12524,5445
1511,2786
1511,2788
12518,5629
1509,2850
12531,5227
1511,2789
1530,2200
12525,5413
1509,2851
12525,5426
1509,2852
1515,2666
12518,5643
1536,2016
1530,2202
12525,5424
1511,2792
1530,2204
12529,5298
1511,2794
1509,2857
12531,5234
1536,2022
12525,5421
1515,2674
1511,2798
1530,2210
12525,5435
12514,5776
1515,2676
12525,5432
12531,5247
1536,2027
1530,2214
1509,2865
1530,2215
1515,2680
1511,2804
1515,2681
1509,2867
1543,1814
12525,5442
1509,2868
1509,2869
12525,5443
1509,2870
1543,1816
1509,2871
12531,5252
1509,2872
12529,5314
1530,2222
1509,2873
1530,2223
1509,2874
12514,5777
1523,2441
12531,5251
1509,2875
1536,2039
1530,2226
12518,5666
12529,5322
1509,2880
1541,1889
1509,2881
1530,2230
12531,5261
1530,2231
12523,5506
1511,2820
1509,2883
1509,2884
1530,2234
12529,5335
1509,2885
1547,1707
12525,5459
1511,2823
12531,5271
1509,2887
12518,5674
1511,2826
1530,2238
1509,2889
1509,2890
12525,5452
1515,2705
1518,2612
1509,2891
1543,1837
12529,5329
12518,5683
1530,2242
12531,5281
12525,5467
1536,2057
1509,2894
1530,2243
1515,2709
1530,2244
1511,2834
1509,2896
1530,2245
1541,1905
1509,2897
12518,5680
1530,2247
1509,2898
1509,2899
12525,5474
1530,2249
1515,2714
1509,2900
12518,5691
1547,1722
12514,5816
1509,2901
1530,2250
12525,5472
1509,2903
1511,2842
1509,2904
1530,2253
1530,2254
1543,1852
1509,2906
12514,5809
1530,2255
1515,2721
12518,5686
12514,5810
1509,2908
1511,2846
1530,2258
1509,2909
12526,5452
12514,5821
1509,2910
12531,5294
1509,2911
1530,2260
1509,2912
1547,1734
12529,5355
1536,2076
1511,2851
1541,1921
1543,1860
12525,5476
1509,2914
1509,2915
1515,2730
1509,2916
1530,2266
1509,2917
12531,5305
1509,2918
1509,2919
12531,5303
1543,1866
1509,2920
1536,2083
1509,2921
12531,5301
12531,5298
12518,5701
1509,2922
1509,2923
12529,5374
1509,2924
1541,1933
12525,5499
1509,2925
1530,2275
1543,1872
1509,2926
1541,1934
1543,1873
1509,2927
1530,2277
1518,2649
1509,2928
1530,2278
1515,2743
12531,5309
1511,2867
12525,5495
1511,2868
1509,2930
1547,1753
1536,2094
1530,2281
12525,5506
12527,5445
1509,2933
1509,2935
1530,2284
1509,2936
1511,2874
1511,2875
1515,2751
12522,5596
1509,2937
1515,2752
1530,2287
12526,5469
12525,5501
1515,2753
1530,2288
1523,2505
1509,2940
12531,5328
12526,5484
1547,1763
1543,1887
1509,2941
12525,5515
12531,5326
1530,2291
12525,5512
1541,1950
1509,2942
12525,5513
1547,1765
1547,1766
1530,2293
1509,2944
12524,5542
1509,2945
1523,2512
12529,5385
1543,1893
1523,2513
1543,1894
1530,2297
12525,5523
12531,5334
1536,2113
1509,2950
1543,1897
12529,5394
1509,2952
1515,2768
12523,5579
1530,2305
1543,1902
1511,2894
12531,5345
1509,2957
12518,5745
1511,2896
1518,2679
12523,5590
12525,5529
1509,2959
12518,5746
1541,1967
1515,2773
1530,2309
1543,1906
1509,2960
1515,2774
12525,5526
1509,2961
12529,5403
1509,2962
12529,5400
12525,5524
1511,2900
1509,2963
12514,5879
1541,1972
12518,5756
1515,2779
1543,1912
1509,2966
1509,2967
1515,2782
1541,1977
1530,2318
12514,5876
12518,5749
12526,5501
12514,5873
12529,5408
1509,2971
1598,213
1536,2135
12514,5887
12525,5546
1509,2972
12532,5330
1536,2136
1523,2540
12514,5886
1541,1984
1536,2139
1509,2977
12529,5419
1515,2791
1511,2915
12530,5385
12532,5323
12529,5417
1530,2329
1509,2980
1547,1803
1515,2795
1543,1928
12518,5769
1509,2984
12529,5426
2066,2101
12523,5613
1547,1809
1543,1933
1530,2337
1543,1934
1511,2926
12525,5562
1509,2988
1509,2989
12525,5560
1509,2990
1509,2991
12529,5437
12525,5561
1530,2340
1543,1939
12531,5373
1509,2993
12523,5621
1530,2342
12529,5435
12524,5587
1509,2994
1530,2343
12518,5774
1530,2344
12514,5911
1509,2996
1515,2810
1515,2811
12531,5385
12525,5571
1541,2005
12531,5382
1509,2999
1511,2937
1515,2814
12530,5411
1523,2567
1509,3001
1530,2350
1543,1948
1509,3002
1509,3003
12525,5579
1547,1828
1511,2944
1509,3006
12525,5576
1509,3007
1543,1953
1530,2356
1547,1829
1543,1954
1509,3008
1541,2016
12518,5792
12531,5386
1530,2359
1509,3010
1509,3011
1543,1958
1509,3012
12518,5803
12525,5586
12531,5400
1541,2020
1515,2827
1541,2021
1509,3013
12531,5398
1541,2022
12523,5647
12531,5399
1523,2581
1509,3016
12531,5396
1523,2583
1530,2366
1509,3017
1543,1964
1509,3018
1541,2027
1530,2368
12530,5426
12531,5408
1530,2369
1509,3020
12525,5595
1511,2960
12518,5809
1509,3022
1530,2372
12525,5593
1511,2961
12514,5931
12529,5466
1509,3024
12525,5590
1530,2374
1543,1972
1515,2840
1530,2375
12531,5403
12525,5589
1530,2376
12525,5602
12529,5479
12529,5476
1509,3030
1509,3031
1541,2039
12532,5384
1530,2380
12525,5598
1523,2599
12518,5816
1509,3034
12525,5596
1509,3036
1509,3037
1530,2386
1543,1984
1509,3038
1518,2760
1543,1985
1509,3039
1523,2606
1509,3040
1543,1987
1515,2855
12514,5948
1509,3041
1511,2980
1530,2392
12525,5618
1509,3044
1530,2393
12518,5835
1509,3045
1515,2859
1543,1991
1509,3046
1536,2210
12525,5617
1515,2862
1515,2863
12525,5615
1541,2057
12518,5832
1530,2398
1547,1872
12531,5426
12525,5613
1509,3051
1530,2401
12529,5503
12514,5965
1541,2062
1515,2868
1509,3055
12525,5620
1543,2004
1515,2872
1543,2005
12525,5621
1536,2223
1509,3061
12525,5635
1523,2628
1530,2411
1509,3063
1536,2226
12525,5630
1509,3064
1547,1887
1530,2414
1530,2415
12531,5443
1509,3068
1530,2418
1509,3069
1509,3070
1598,311
12525,5640
12532,5424
1509,3071
1543,2017
1530,2420
1509,3072
12531,5452
8929,2426
1509,3074
1543,2021
12523,5699
1543,2022
12518,5867
12529,5524
1530,2427
12514,5989
1515,2892
1536,2242
1530,2428
1536,2243
1530,2429
1509,3080
1543,2027
12525,5647
1515,2895
1530,2431
1547,1906
12525,5658
12531,5472
12534,5380
1530,2434
1536,2249
1530,2436
12529,5530
12531,5469
12525,5653
1536,2254
12531,5467
12523,5728
12526,5635
1547,1914
12518,5884
1515,2907
1543,2039
12531,5478
1541,2102
1530,2444
1536,2258
12525,5663
1530,2446
12529,5536
1543,2044
12525,5674
1530,2450
1511,3040
1543,2048
1543,2049
12523,5733
1515,2919
1547,1929
12525,5669
12525,5683
1543,2057
1543,2058
1530,2463
1523,2681
1543,2062
12514,6031
1530,2466
1530,2467
12514,6030
12532,5472
12518,5903
1518,2841
1547,1943
12518,5904
1523,2687
12531,5501
1515,2936
12529,5560
12531,5499
12525,5685
1518,2845
12531,5512
1598,366
1561,1513
1511,3063
12525,5699
1515,2939
12518,5916
1515,2941
1561,1516
12529,5571
12531,5506
1530,2479
12525,5692
1541,2139
12525,5693
12518,5921
1543,2081
12525,5705
12532,5485
12519,5888
12529,5576
1518,2859
12526,5669
1561,1527
12525,5701
12531,5515
12525,5715
1543,2087
12531,5529
12530,5560
12525,5712
12529,5589
12525,5711
12525,5708
1515,2961
1530,2497
1543,2094
1530,2498
1547,1971
12525,5720
1515,2964
12525,5721
12525,5718
12531,5532
1530,2502
1515,2969
12523,5779
1530,2504
1536,2318
1515,2970
1547,1978
1543,2102
12518,5947
12518,5948
12525,5728
1530,2508
1547,1981
12525,5729
1543,2105
12530,5571
1543,2106
1515,2974
12529,5602
12529,5603
12533,5479
1547,1988
1547,1989
12518,5954
1543,2113
1515,2982
12518,5949
1530,2520
12525,5733
12531,5560
12531,5561
1530,2522
12525,5744
1515,2989
12529,5621
1530,2527
12514,6081
1530,2528
12525,5741
1530,2531
12531,5566
1547,2004
1515,2997
12514,6094
1541,2192
1543,2130
12525,5750
12525,5751
1515,2999
1547,2008
1561,1575
1543,2135
1515,3004
1530,2539
12526,5730
1543,2138
1543,2139
1530,2542
1530,2543
1536,2357
1561,1583
12531,5571
1547,2020
12536,5428
12525,5766
1561,1590
1541,2210
12531,5579
12534,5499
1515,3018
1530,2553
1515,3019
12525,5779
1543,2151
12531,5590
1561,1595
12525,5777
1530,2556
12525,5774
12531,5589
12524,5803
1536,2374
1530,2562
1541,2222
12525,5785
1530,2566
1561,1606
1530,2569
12533,5546
1543,2166
12525,5795
1543,2167
1530,2571
12529,5666
1530,2573
12514,6132
1530,2574
12525,5788
1515,3042
1530,2578
1515,3043
1530,2579
12544,5211
1518,2951
1561,1619
12531,5615
12525,5801
1547,2055
1541,2242
1547,2056
12514,6137
12518,6014
1541,2244
1530,2585
12525,5810
1515,3050
1543,2183
12525,5811
12534,5529
1515,3052
1530,2588
1515,3053
12531,5620
12523,5869
1530,2590
1541,2249
12529,5683
12531,5618
1530,2592
12518,6035
1561,1632
12525,5816
1530,2595
1543,2192
1530,2596
1536,2411
12531,5629
12529,5689
1530,2600
12518,6044
1515,3067
1561,1641
12517,6073
1543,2202
12525,5820
1543,2204
12525,5821
1530,2608
1561,1648
12518,6051
1530,2609
1547,2082
1530,2610
1515,3075
1543,2207
1547,2084
1530,2611
12525,5832
12531,5647
1598,504
1530,2612
1543,2210
1515,3078
1547,2086
12525,5842
12518,6059
1543,2214
12541,5347
1541,2278
1530,2619
1536,2433
12531,5654
12534,5562
1523,2838
12525,5838
12518,6056
1530,2624
12536,5496
1523,2842
1543,2222
1541,2284
1543,2223
1530,2626
12538,5445
12531,5663
1523,2846
1543,2226
12533,5598
12542,5319
1530,2630
1566,1514
12525,5844
1530,2632
12529,5721
12514,6199
1598,525
12523,5921
12518,6073
1566,1519
1561,1675
1561,1677
12522,5948
1566,1524
1530,2641
12525,5865
2066,2414
1543,2244
1530,2647
1530,2648
12529,5749
12537,5501
12525,5873
1530,2653
12529,5746
1566,1538
1543,2252
12526,5838
1530,2656
12525,5869
1530,2657
1543,2254
1561,1698
1543,2256
1541,2318
1543,2258
1530,2661
12525,5879
12518,6096
12530,5721
12525,5876
1543,2260
1566,1548
1530,2664
1523,2881
12534,5598
12525,5890
1530,2666
12531,5705
1530,2667
12529,5764
12525,5887
12525,5884
1566,1555
1561,1711
12531,5699
1566,1556
12526,5868
12514,6240
1566,1558
1530,2674
12534,5620
1598,568
1530,2679
1518,3053
1566,1565
12525,5906
12531,5721
1561,1721
1541,2342
12531,5718
1523,2900
12525,5905
1530,2685
12529,5779
1523,2903
1598,580
12546,5250
12518,6131
1543,2287
12531,5729
12532,5695
12535,5602
12525,5912
12544,5324
12525,5913
12525,5911
1543,2291
1530,2696
12532,5692
12526,5878
12534,5644
1530,2698
1530,2699
1543,2297
1523,2917
1541,2359
12525,5921
12524,5949
12530,5764
12531,5733
1547,2178
12525,5931
12518,6143
12531,5741
1530,2710
12525,5927
1566,1595
1543,2309
12532,5708
12525,5925
1530,2713
12526,5905
1541,2374
12530,5779
1547,2190
1561,1757
1561,1758
12546,5281
1566,1605
1543,2318
1566,1606
1530,2722
12544,5355
1598,616
1530,2724
1547,2198
1541,2384
1561,1764
12542,5428
1530,2730
12531,5769
12531,5766
1530,2731
1530,2733
12531,5764
12525,5949
12532,5745
2066,2506
1566,1621
12548,5250
12518,6177
1561,1780
12529,5835
1547,2215
1530,2742
12529,5832
1547,2216
12525,5957
1598,636
1561,1784
12529,5846
1566,1630
1530,2746
1543,2344
12525,5966
12532,5750
1543,2348
12538,5561
12531,5779
1543,2350
1543,2351
1561,1795
1530,2757
12531,5788
12532,5758
12525,5975
1547,2232
1530,2760
1530,2761
1543,2358
1543,2359
12513,6357
1561,1803
1566,1649
1561,1804
12518,6198
1566,1652
1561,1808
1541,2428
1530,2769
1543,2366
12525,5995
1530,2771
1543,2368
12529,5869
1523,2989
12530,5835
1530,2774
1530,2775
12545,5368
1543,2374
1530,2778
1566,1662
1530,2779
1547,2253
12525,5998
1547,2255
1530,2782
12531,5810
12531,5811
1561,1824
1547,2259
12525,6008
1543,2384
1547,2261
1530,2788
12523,6066
12531,5818
1547,2266
1566,1678
1530,2794
1543,2391
1530,2796
12518,6234
1530,2799
12532,5795
12524,6044
1530,2800
1566,1686
1561,1842
12530,5869
12531,5838
1530,2803
1561,1843
1530,2805
1561,1844
12518,6240
12523,6082
1530,2807
1530,2809
1547,2283
1530,2813
12534,5751
12531,5844
1530,2814
12525,6031
1543,2411
12524,6059
1536,2630
12545,5421
12531,5855
1566,1707
12529,5912
12532,5820
12518,6254
12529,5913
12543,5479
1598,717
1530,2825
12531,5865
1566,1711
1536,2641
1530,2828
1566,1712
12536,5706
1543,2428
12529,5921
1566,1717
1543,2431
1530,2835
1547,2308
12518,6274
1547,2311
12535,5745
1530,2839
12545,5432
12529,5928
2066,2608
12525,6052
1530,2841
12525,6066
12535,5756
12530,5912
12518,6280
12526,6030
1543,2446
1566,1734
12531,5887
12522,6166
1543,2450
12531,5884
12552,5234
12530,5913
1561,1895
12525,6082
1530,2858
12532,5864
1530,2860
12525,6081
1547,2335
12531,5905
1530,2868
12531,5903
1566,1753
1530,2870
12529,5960
12532,5868
1530,2873
1566,1758
12531,5913
12518,6316
12525,6096
12545,5476
1530,2876
12525,6094
1530,2877
12531,5908
1530,2878
2066,2645
1530,2879
1566,1763
1530,2880
12525,6093
12525,6106
12531,5921
1530,2882
1530,2885
12532,5886
1566,1770
1566,1773
12530,5960
12525,6112
12531,5927
12525,6110
1547,2367
1566,1779
1530,2896
1530,2902
12544,5530
1566,1786
12531,5930
1561,1942
1561,1943
12531,5931
12525,6131
1543,2504
12546,5478
1530,2911
1561,1951
1543,2511
12525,6137
12522,6228
1566,1802
12525,6132
1561,1958
1536,2733
1530,2920
1547,2393
12524,6177
12531,5960
1530,2921
12554,5247
1530,2923
1566,1808
1566,1809
1543,2522
12529,6019
1530,2927
1543,2524
12548,5440
1536,2746
1566,1817
12531,5965
1530,2934
12531,5975
12529,6035
1561,1982
1530,2943
1547,2416
1543,2542
1566,1829
2066,2713
1566,1831
1530,2947
1561,1986
1530,2948
12545,5546
1530,2949
1547,2423
1530,2951
12526,6134
12529,6052
1530,2957
12530,6019
1561,1997
1561,2001
1547,2435
12552,5345
12529,6056
12531,6008
12532,5977
12526,6164
12551,5386
12542,5663
1530,2976
12529,6065
1543,2573
12525,6203
1530,2978
1566,1862
1543,2575
1530,2980
1543,2578
1547,2455
1530,2983
1566,1868
12526,6166
12529,6073
12548,5484
1547,2458
12552,5373
12532,5994
1530,2987
12536,5868
1530,2988
1561,2028
12530,6052
1561,2030
12513,6576
1561,2031
12551,5399
12536,5864
1530,2992
1566,1877
1530,2993
1598,886
2066,2761
12552,5382
1561,2035
12525,6214
12526,6184
12553,5347
1530,2998
12532,5995
1543,2596
12537,5855
1566,1886
1530,3003
1543,2600
12553,5357
12525,6225
1541,2664
12530,6065
12529,6096
1543,2606
1530,3009
12525,6234
1530,3013
1566,1900
1530,3016
12552,5392
1547,2491
1530,3019
12531,6052
1530,3021
1543,2619
1543,2620
12529,6112
1566,1907
1530,3023
1530,3024
1536,2839
12530,6096
1530,3028
12524,6280
1543,2629
12525,6258
12548,5545
12535,5947
12552,5417
12541,5756
12531,6066
1530,3041
1543,2641
12525,6261
1543,2647
1561,2090
1530,3051
1536,2868
1541,2713
12531,6082
1530,3055
1530,3056
1530,3057
1543,2656
1561,2099
12545,5658
12531,6093
12536,5938
1547,2536
1543,2661
1530,3068
1561,2108
1561,2110
1561,2112
12554,5399
1547,2547
1530,3076
1566,1961
1543,2674
1530,3079
12537,5921
12559,5252
1543,2679
1561,2123
12525,6302
1541,2746
12545,5693
1561,2133
1566,1978
1541,2757
1561,2140
1543,2699
1561,2142
12518,6547
1561,2145
1566,1994
12532,6110
1561,2150
1566,1997
2066,2882
1547,2588
12545,5715
12529,6211
1541,2778
1543,2718
12540,5882
1543,2721
1566,2011
12518,6557
1566,2012
1561,2168
1536,2945
12558,5330
12531,6164
1547,2606
12554,5452
12518,6568
1536,2948
12559,5294
12548,5635
1543,2733
12535,6051
12525,6357
12517,6617
12535,6059
1566,2033
1543,2746
1561,2189
1541,2813
1566,2043
1566,2047
1536,2978
12529,6258
1536,2980
12545,5774
12542,5864
1543,2775
12531,6214
12537,6027
1547,2656
12548,5695
12532,6192
1566,2073
1547,2664
1566,2075
12545,5785
1547,2667
12552,5579
1536,3013
12530,6258
12559,5372
1543,2799
12552,5590
1566,2088
1566,2090
12531,6234
12545,5801
1566,2093
1561,2248
12532,6214
1566,2098
12563,5250
12530,6274
12532,6225
12548,5730
12529,6316
1561,2259
1566,2108
1566,2109
12541,5954
1543,2823
1566,2111
1561,2268
1543,2827
12550,5669
12531,6258
12552,5621
1561,2273
1547,2708
1543,2835
12535,6157
12542,5938
1566,2133
12544,5884
12548,5758
12532,6254
12550,5708
1566,2144
12529,6357
1561,2300
12538,6073
1543,2860
1561,2303
12532,6272
12548,5776
12535,6177
12552,5647
1543,2868
1566,2156
1543,2870
1561,2313
1598,1169
1566,2164
12546,5855
1543,2879
12542,5977
12545,5884
12525,6503
2066,3056
1541,2948
12530,6357
1566,2178
1561,2334
1543,2896
1561,2338
12536,6178
1566,2190
1561,2345
12545,5906
12531,6338
1566,2196
12535,6228
1566,2198
12552,5699
1561,2355
12526,6503
12541,6051
12545,5925
12544,5954
1543,2930
2117,1520
1561,2373
1566,2221
1561,2377
12552,5733
12525,6568
1566,2232
1541,3009
1543,2948
12552,5728
12532,6362
12525,6576
12551,5769
1561,2400
12545,5966
1543,2961
1561,2403
12548,5868
12548,5882
12550,5820
12545,5975
1547,2844
12535,6280
1543,2970
1561,2412
1547,2846
12548,5878
1543,2973
1566,2261
2117,1564
1543,2976
1561,2419
1543,2978
1566,2266
1543,2983
12546,5960
12567,5305
12545,5998
1566,2283
1543,3009
12541,6134
1543,3013
1561,2457
1589,1590
1561,2460
1591,1533
1561,2464
1561,2465
1591,1535
1543,3024
1561,2473
1566,2323
1543,3041
12544,6073
12550,5888
1561,2485
1547,2920
1547,2921
1561,2487
1547,2922
1566,2335
1566,2336
1566,2338
12554,5769
1561,2494
1591,1565
1591,1580
1561,2510
12567,5394
1566,2362
1543,3076
12529,6568
12552,5869
12567,5403
1561,2526
12567,5398
12545,6081
1561,2533
12530,6568
12532,6503
1561,2538
1591,1610
1566,2389
1561,2551
1561,2552
1566,2397
12554,5838
12540,6272
1561,2558
1566,2403
1591,1630
1566,2406
1566,2408
1561,2563
12554,5844
1591,1638
12531,6568
1591,1641
1566,2416
1591,1642
1566,2420
12531,6576
1561,2577
12548,6044
1566,2437
1591,1668
1561,2602
1566,2448
1561,2603
1591,1675
1591,1679
1566,2455
1547,3045
1566,2458
1591,1686
12554,5903
1566,2462
1561,2621
2117,1770
1591,1696
1591,1697
1591,1698
12573,5330
12546,6164
1566,2483
1561,2640
1566,2487
1561,2642
12545,6203
2117,1792
1561,2646
1566,2495
1561,2652
1561,2654
1598,1512
1561,2663
1598,1517
12550,6073
12544,6258
2117,1818
1591,1743
1566,2525
1561,2682
1561,2683
12559,5811
1561,2688
1561,2689
1566,2537
1566,2538
1566,2540
2117,1851
1566,2547
12548,6177
1598,1560
2117,1863
12559,5842
1561,2716
1598,1569
1566,2561
12553,6027
1561,2720
1566,2566
1591,1792
12548,6192
1598,1577
1591,1794
1566,2570
12552,6066
1598,1579
1561,2727
1561,2734
1591,1808
1591,1810
1591,1813
1598,1596
1591,1814
1598,1597
1598,1599
12550,6161
1566,2601
1598,1612
1561,2759
12559,5890
12548,6228
1591,1839
1566,2615
12550,6178
2117,1918
1598,1626
1591,1846
12560,5878
1598,1633
1566,2627
12580,5266
1598,1640
1561,2787
1598,1650
1561,2797
2117,1944
1598,1653
1561,2804
1566,2650
1591,1876
2117,1955
12555,6051
1566,2654
1598,1664
1598,1665
1561,2818
1591,1890
1598,1677
1561,2825
1598,1682
1598,1683
1591,1902
1598,1688
1598,1692
1645,236
1591,1910
1591,1913
1591,1915
1566,2694
12563,5855
1643,311
1598,1709
1591,1928
1645,256
1598,1714
1598,1717
12567,5746
2117,2015
12576,5467
1561,2866
1591,1939
1566,2715
1598,1724
1598,1728
1598,1729
2117,2031
1598,1736
1598,1738
1591,1956
1598,1742
12548,6362
1561,2892
1591,1963
1566,2740
1589,2033
1598,1755
1591,1972
12579,5403
12550,6302
12555,6157
1561,2910
1530,3873
1591,1985
1561,2919
1561,2924
1591,1994
2117,2074
1598,1781
1591,1999
1598,1784
12568,5777
1566,2788
1598,1801
1598,1802
1645,345
1598,1805
1598,1811
1591,2029
12559,6093
1566,2808
1591,2037
1598,1820
2117,2118
1561,2972
1591,2045
1591,2046
2117,2127
2117,2126
1598,1834
1561,2981
2117,2132
1566,2831
12582,5399
1591,2063
1598,1848
1561,2997
1598,1855
1598,1856
1598,1858
1561,3006
1598,1861
1598,1864
1591,2082
1561,3014
2117,2162
1598,1870
1598,1871
1566,2867
1591,2092
12555,6280
12576,5629
1591,2094
1598,1878
12559,6164
1591,2103
12548,6503
12572,5760
1566,2885
1598,1894
1598,1897
1561,3045
12567,5921
1643,504
1598,1899
1598,1900
1598,1901
1561,3049
1598,1908
1566,2900
1591,2129
1598,1913
1591,2132
1591,2133
1598,1918
1566,2912
1566,2915
1598,1924
1598,1925
1561,3078
1561,3080
2117,2228
1591,2153
1566,2928
1598,1938
1591,2156
1591,2164
12560,6184
1591,2165
1591,2166
1591,2168
1566,2944
1598,1956
1591,2178
1598,1965
1598,1967
1591,2187
1598,1975
1566,2971
1598,1983
2117,2280
1591,2204
1598,1987
1591,2206
1598,1989
1598,1996
12517,7579
1598,1999
1598,2000
1591,2219
1591,2226
1598,2010
12517,7583
1566,3002
1591,2228
2117,2306
1598,2016
2117,2312
12573,5855
1591,2241
1591,2245
1598,2030
12518,7580
1598,2031
1591,2248
1598,2034
1591,2259
1591,2263
1598,2047
1591,2266
1591,2268
1598,2058
1591,2276
1598,2067
2117,2362
1598,2070
1598,2072
1598,2078
1598,2079
1591,2298
1591,2299
1611,1682
1598,2088
2117,2387
1591,2308
1591,2309
1645,636
1591,2312
1598,2097
1591,2318
1598,2107
1598,2112
1591,2336
1598,2122
1598,2124
2117,2418
1598,2129
1598,2130
1598,2131
1589,2412
1598,2137
2117,2432
1598,2141
1598,2142
12583,5674
1598,2148
1591,2373
1598,2159
1591,2378
1598,2162
2117,2456
1591,2383
1591,2384
1591,2385
1598,2172
1591,2389
1598,2174
2117,2473
1591,2394
2117,2475
1598,2180
1591,2398
1598,2181
1598,2184
1598,2189
1598,2194
1598,2197
1598,2199
1591,2418
12582,5769
1598,2208
1598,2211
1591,2432
2117,2518
1591,2443
2117,2526
2117,2529
1598,2240
1598,2244
1598,2246
1598,2247
1591,2471
12525,7585
1598,2257
2117,2552
12525,7581
1598,2265
1591,2482
12576,6008
1598,2273
1598,2278
1598,2281
12575,6056
1591,2499
12567,6316
1598,2292
1598,2297
1591,2523
1591,2524
1623,1534
1598,2309
1598,2316
12562,6503
1598,2322
1598,2326
1598,2327
1598,2330
2117,2626
1591,2554
1591,2557
12576,6093
1591,2558
1598,2347
1598,2348
1598,2351
1591,2569
1598,2352
1591,2570
1598,2365
1591,2586
1598,2370
1591,2592
1598,2381
12529,7585
1598,2388
1591,2608
1591,2609
1598,2399
1623,1624
1598,2404
1598,2405
1598,2407
1591,2625
1591,2631
2117,2711
12576,6164
1598,2419
1598,2422
2117,2716
1598,2425
2117,2727
1598,2432
1591,2650
1598,2436
1598,2440
12531,7581
1591,2660
2117,2738
1591,2663
2117,2742
1591,2671
2117,2752
1598,2459
1598,2460
1509,5219
1591,2678
1598,2462
1598,2463
1598,2466
12595,5618
1509,5229
1598,2470
2117,2766
1509,5234
1598,2477
1598,2479
12575,6258
1598,2480
1591,2701
1591,2704
1598,2490
1509,5250
1509,5251
1509,5252
1591,2711
12587,5905
1598,2494
1591,2712
1598,2505
1509,5266
1598,2508
1591,2726
1509,5271
1509,5273
1598,2514
1509,5274
1598,2516
1509,5275
1591,2738
1598,2521
1509,5281
1598,2526
1509,5288
2117,2825
1598,2530
1591,2749
1611,2130
1598,2535
1509,5294
1509,5295
1598,2537
1509,5298
1598,2544
1598,2545
1591,2763
2117,2840
1591,2764
1509,5309
1623,1775
1598,2552
1591,2770
1598,2556
2117,2852
1589,2837
1509,5319
1509,5321
1598,2564
1509,5323
1591,2785
2117,2862
1509,5328
1509,5330
2117,2868
1591,2793
1598,2576
1598,2579
1509,5341
1591,2802
12536,7579
1591,2809
1509,5352
1598,2593
1509,5353
1591,2815
1598,2598
1598,2599
1591,2816
1598,2600
12536,7583
1509,5363
1598,2605
1509,5365
1598,2611
1591,2829
1598,2612
1509,5372
1509,5373
1623,1840
1591,2833
1598,2617
1598,2620
1509,5380
2117,2918
1598,2624
1509,5384
1509,5385
1509,5387
1598,2629
1591,2847
1591,2852
1598,2636
1509,5396
1515,5211
1611,2238
1598,2642
1598,2646
1598,2648
1598,2649
1591,2868
1598,2651
1598,2653
1509,5413
1598,2658
12578,6338
1515,5234
2117,2958
1509,5424
1509,5426
1598,2668
1509,5428
1591,2889
1591,2890
1591,2891
1598,2676
1509,5437
2117,2972
1598,2680
1598,2681
1509,5440
1623,1909
1598,2685
1598,2687
1598,2691
1591,2909
1515,5266
2117,2991
1598,2696
1598,2697
1509,5459
1515,5274
1598,2705
1598,2706
1515,5280
1509,5466
1509,5467
1598,2709
2117,3005
1509,5469
1509,5471
1591,2933
1591,2935
1509,5478
1667,580
1598,2721
1598,2724
1515,5298
1591,2942
1509,5484
1509,5485
2117,3022
1515,5303
1598,2730
1598,2732
1598,2736
1509,5496
1509,5501
1598,2743
1598,2744
1515,5322
1598,2751
1598,2752
1515,5326
1598,2753
1515,5329
1509,5518
1515,5334
1515,5335
2117,3061
1591,2982
2117,3063
1598,2768
1515,5345
1509,5532
1598,2773
1598,2774
1591,2991
1515,5355
1509,5545
1591,3005
1509,5548
1591,3007
1598,2791
1623,2017
1591,3011
1598,2795
1591,3012
1598,2797
1591,3017
1598,2803
1509,5565
1598,2807
1591,3024
1509,5566
1591,3025
1598,2810
1598,2811
1598,2812
1623,2038
1591,3031
1515,5387
1598,2814
1598,2827
1509,5587
1598,2828
1509,5590
1509,5593
1591,3051
1509,5596
1509,5597
1598,2838
1515,5411
1623,2064
1598,2840
1598,2842
1509,5601
1598,2843
1515,5417
1598,2845
1623,2072
1509,5608
1598,2851
1591,3069
1509,5612
1515,5426
1598,2853
1598,2854
1509,5613
1598,2855
1591,3076
1598,2859
1598,2860
1598,2863
1515,5437
1518,5344
1509,5625
1598,2867
1515,5443
1509,5629
1509,5635
1509,5637
1509,5640
1509,5643
1509,5644
1598,2890
1598,2891
1509,5652
1598,2895
1598,2896
1515,5469
1598,2897
1515,5479
1598,2907
1509,5669
1598,2913
1509,5674
1598,2916
1509,5680
1509,5686
1598,2932
1643,1539
1509,5695
1598,2936
1518,5417
1598,2937
1598,2939
1598,2941
1515,5515
1509,5705
1509,5706
1509,5708
1598,2949
1509,5709
1598,2951
1515,5524
1645,1494
1515,5526
1509,5712
1598,2957
1509,5718
1515,5533
1509,5720
1518,5443
1598,2965
1509,5727
1598,2968
1598,2969
1645,1512
1598,2970
1509,5729
1515,5544
1509,5730
1645,1516
1598,2974
1509,5735
1645,1520
1645,1522
1509,5738
1623,2205
1598,2982
1623,2207
1645,1526
1645,1527
1509,5745
1598,2989
1645,1533
1509,5750
1598,2992
1509,5756
1645,1540
1515,5571
1598,2998
1598,2999
1509,5758
1623,2225
1509,5760
1598,3003
1515,5576
1645,1546
1509,5764
1645,1549
1515,5579
1667,867
1515,5583
1645,1555
1598,3015
1515,5589
1509,5776
1515,5590
1509,5777
1598,3019
1598,3027
1598,3028
1643,1633
1509,5788
1645,1573
1645,1575
1509,5792
1598,3037
1643,1644
1645,1582
1515,5613
1645,1584
1598,3042
1598,3043
1645,1586
1643,1649
1509,5804
1515,5618
1645,1593
1598,3050
1598,3051
1645,1594
1509,5811
1598,3052
1598,3053
1598,3054
1598,3057
1645,1601
1643,1664
1598,3059
1645,1603
1509,5820
1598,3065
1598,3067
1515,5640
1645,1614
1645,1615
1598,3074
1645,1619
1509,5835
1645,1621
1598,3078
1509,5838
1509,5839
1645,1624
1645,1626
1645,1628
1645,1632
1509,5851
1645,1638
1509,5855
1645,1640
1611,2696
1645,1646
1645,1648
1509,5864
1509,5867
1509,5868
1523,5437
1530,5221
1645,1657
1645,1658
1515,5689
1509,5876
1645,1661
1518,5598
1509,5878
1530,5227
1509,5879
1509,5882
1515,5699
1530,5234
1509,5886
1509,5888
1645,1672
1515,5709
1530,5245
1530,5247
1530,5250
1530,5252
1645,1687
1645,1688
1515,5720
1509,5908
1645,1695
1509,5911
1645,1696
1623,2379
1515,5728
1645,1699
1645,1703
1645,1705
1530,5271
1645,1708
1530,5274
1645,1710
1509,5927
1515,5746
1530,5281
1645,1719
1509,5935
1515,5749
1645,1721
1509,5938
1645,1724
1643,1786
1530,5294
1645,1730
1509,5947
1515,5764
1645,1735
1530,5301
1515,5766
1530,5303
1530,5305
1645,1740
1509,5957
1643,1806
1518,5683
1645,1750
1645,1752
1530,5319
1645,1757
1645,1758
1530,5323
1645,1760
1509,5977
1645,1762
1530,5328
1509,5980
1645,1764
1623,2451
1509,5986
1530,5337
1509,5989
12596,6362
1645,1774
1509,5994
1645,1778
1515,5809
1645,1779
1530,5345
1645,1780
1645,1781
1530,5347
1645,1784
1645,1788
1645,1790
1645,1791
1530,5357
1645,1792
1645,1794
1645,1797
1645,1801
1645,1803
1530,5368
1515,5835
1645,1806
1530,5372
1530,5373
1509,6029
1509,6030
1623,2496
1509,6031
1643,1879
1623,2504
1645,1822
1655,1513
1645,1824
1530,5396
1645,1832
1530,5398
1509,6050
1645,1834
1530,5401
1523,5618
1645,1839
1645,1840
1645,1842
1645,1843
1509,6059
1645,1847
1530,5413
1645,1850
1509,6066
1645,1851
1645,1853
1645,1854
1530,5421
1509,6073
1645,1859
1643,1924
1623,2544
1645,1862
1623,2549
1530,5432
1655,1558
1645,1869
1645,1870
1515,5904
1645,1875
1645,1876
1509,6093
1530,5442
1509,6094
1645,1880
1645,1884
1645,1885
1645,1886
1530,5452
1530,5453
1645,1889
1509,6106
1509,6110
1530,5459
1645,1895
1515,5928
1645,1900
1530,5467
1645,1904
1530,5471
1530,5472
1643,1971
1530,5474
1645,1909
1645,1911
1530,5478
1509,6130
1645,1915
1645,1916
1509,6134
1645,1925
1509,6143
1655,1619
1530,5495
1530,5501
1645,1936
1643,2000
1509,6157
1645,1943
1509,6161
1645,1946
1509,6164
1655,1638
1643,2010
1530,5513
1509,6166
1645,1951
1645,1957
1530,5523
1509,6177
1530,5526
1509,6178
1655,1656
1523,5750
1645,1968
1509,6184
1655,1660
1645,1970
1645,1975
1509,6192
1645,1981
1509,6198
1645,1982
1509,6199
1515,6014
1643,2046
1645,1986
1515,6019
1655,1679
1645,1991
1509,6209
1645,1993
1645,1995
1530,5561
1655,1686
1530,5562
1645,1998
1645,2001
1645,2003
1645,2005
1515,6035
1655,1696
1645,2006
1655,1697
1655,1698
1643,2070
1509,6225
1645,2011
1645,2012
1509,6228
1655,1703
1643,2079
1643,2080
1509,6234
1530,5586
1645,2023
1509,6240
1530,5589
1530,5590
1645,2026
1530,5593
1645,2029
1530,5596
1655,1724
1643,2096
1515,6066
1509,6254
1523,5820
1645,2038
1645,2040
1645,2041
1645,2043
1515,6073
1645,2048
1530,5613
1530,5615
1645,2051
1530,5617
1655,1743
1530,5618
1509,6272
1509,6274
1530,5625
1645,2061
1509,6279
1645,2063
1509,6280
1530,5630
1655,1756
1515,6096
1645,2069
1645,2070
1655,1760
1655,1765
1645,2081
1645,2083
1509,6302
1530,5653
1645,2088
1530,5658
1645,2093
1655,1783
1645,2095
1655,1788
1530,5663
1645,2100
1645,2103
1645,2104
1693,616
1655,1794
1543,5271
1530,5674
1645,2110
1543,5274
1645,2114
1645,2115
1655,1806
1643,2180
1645,2118
1655,1809
1530,5685
1645,2121
1645,2123
1509,6340
1645,2126
1530,5692
1645,2127
1530,5693
1645,2129
1643,2194
1645,2133
1530,5699
1530,5701
1509,6354
1645,2140
1645,2145
1645,2146
1530,5711
1509,6362
1645,2147
1530,5712
1530,5715
1645,2152
1530,5718
1655,1844
1530,5721
1530,5728
1515,6196
1530,5733
1530,5735
1655,1862
1530,5741
1645,2176
1645,2179
1530,5744
1515,6211
1530,5751
1645,2186
1645,2188
1645,2189
1543,5352
1645,2193
1655,1884
1645,2199
1655,1890
1645,2200
1645,2201
1543,5363
1645,2203
1645,2206
1645,2208
1645,2209
1530,5774
1645,2211
1543,5373
1655,1902
1645,2212
1530,5777
1645,2213
1645,2214
1645,2216
1645,2219
1530,5785
1530,5788
1667,1542
1645,2224
1645,2229
1530,5795
1645,2233
1543,5396
1667,1553
1645,2236
1530,5801
1645,2237
1643,2303
1645,2244
1515,6274
1530,5810
1530,5811
1645,2248
1543,5413
1645,2254
1530,5821
1645,2257
1667,1575
1645,2265
1655,1955
1693,779
1655,1957
1645,2268
1667,1587
1643,2331
1645,2270
1655,1963
1655,1964
1645,2274
1645,2276
1530,5842
1645,2279
1530,5844
1623,2964
1515,6316
1645,2286
1509,6503
1645,2289
1645,2290
1530,5855
1667,1612
1645,2294
1645,2296
1655,1986
1667,1616
1530,5865
1667,1618
1645,2301
1667,1620
1645,2303
1655,1994
1645,2306
1655,1997
1530,5873
1645,2309
1645,2310
1645,2313
1530,5879
1645,2315
1645,2319
1509,6540
1645,2325
1530,5890
1645,2328
1509,6547
1645,2332
1655,2023
1645,2337
1645,2338
1509,6557
1530,5906
1530,5908
1623,3027
1645,2346
1530,5911
1530,5913
1667,1668
1667,1670
1645,2353
1645,2354
1655,2044
1645,2355
1530,5921
1509,6572
1667,1674
1645,2358
1645,2360
1530,5925
1509,6576
1645,2361
1530,5927
1530,5930
1530,5931
1643,2430
1543,5532
1667,1689
1655,2063
1645,2373
1645,2377
1623,3059
1645,2378
1623,3060
1645,2379
1643,2442
1645,2381
1645,2382
1667,1701
1667,1702
1643,2448
1645,2391
1530,5957
1645,2396
1655,2087
1530,5965
1645,2400
1530,5966
1645,2402
1645,2403
1645,2404
1645,2405
1645,2406
1523,6192
1530,5975
1645,2410
1645,2411
1645,2417
1645,2418
1645,2420
1655,2110
1518,6357
1645,2421
1645,2423
1667,1741
1643,2486
1530,5989
1645,2424
1645,2428
1530,5995
1645,2430
1530,5998
1645,2437
1655,2132
1645,2442
1530,6008
1645,2446
1693,958
1645,2447
1645,2449
1667,1767
1645,2450
1645,2452
1643,2515
1667,1772
1645,2454
1645,2455
1645,2457
1655,2150
1530,6027
1645,2464
1530,6031
1655,2156
1645,2472
1645,2473
1645,2475
1543,5640
1655,2170
1645,2481
1667,1800
1645,2482
1645,2485
1655,2178
1645,2489
1645,2492
1645,2493
1643,2556
1543,5658
1530,6066
1645,2501
1645,2503
1667,1823
1645,2505
1645,2506
1645,2507
1645,2510
1645,2513
1530,6081
1645,2517
1530,6082
1645,2519
1645,2520
1645,2524
1645,2526
1645,2527
1530,6093
1655,2218
1530,6094
1645,2532
1645,2535
1645,2537
1515,6572
1667,1860
1530,6110
1645,2551
1645,2554
1645,2555
1645,2560
1645,2561
1645,2567
1530,6132
1667,1885
1645,2570
1655,2262
1645,2572
1530,6137
1645,2574
1645,2577
1645,2580
1645,2582
1643,2645
1655,2274
1667,1902
1645,2586
1667,1905
1645,2587
1645,2591
1645,2593
1667,1912
1543,5756
1643,2658
1530,6161
1530,6164
1645,2602
1667,1923
1645,2607
1645,2608
1655,2299
1645,2610
1645,2613
1645,2614
1667,1932
1543,5777
1645,2616
1667,1935
1645,2618
1645,2621
1645,2625
1645,2627
1667,1945
1645,2628
1655,2319
1643,2691
1645,2629
1645,2633
1667,1953
1667,1954
1530,6203
1645,2643
1645,2644
1645,2646
1536,6027
1667,1967
1530,6214
1645,2649
1667,1973
1645,2655
1645,2656
1667,1974
1667,1984
1667,1985
1645,2668
1655,2366
1655,2368
1645,2682
1645,2683
1645,2684
1643,2750
1655,2378
1530,6254
1645,2690
1645,2691
1645,2693
1530,6261
1667,2014
1655,2387
1645,2699
1645,2702
1645,2703
1667,2021
1645,2704
1643,2767
1645,2705
1667,2027
1645,2711
1645,2712
1645,2718
1645,2720
1561,5324
1655,2413
1645,2724
1645,2725
1655,2415
1645,2727
1645,2729
1667,2051
1667,2052
1645,2734
1645,2735
1645,2738
1667,2057
1667,2058
1655,2430
1645,2741
1645,2745
1543,5908
1645,2747
1645,2750
1643,2813
1645,2754
1645,2755
1645,2762
1543,5927
1645,2767
1645,2772
1667,2091
1530,6338
1667,2092
1645,2779
1643,2842
1643,2845
1645,2783
1645,2785
1645,2786
1645,2794
1667,2113
1645,2797
1645,2798
1645,2802
1645,2804
1645,2806
1667,2130
1645,2815
1667,2134
1645,2816
1645,2817
1667,2136
1645,2823
1645,2825
1645,2826
1645,2829
1645,2830
1667,2149
1645,2833
1561,5437
1645,2834
1643,2897
1645,2836
1643,2900
1561,5445
1645,2842
1645,2845
1643,2908
1655,2537
1645,2847
1645,2848
1667,2167
1547,5888
1645,2851
1643,2917
1645,2856
1645,2857
1645,2859
1667,2177
1645,2861
1645,2862
1645,2865
1645,2866
1667,2185
1645,2867
1643,2932
1645,2871
1543,6035
1667,2191
1645,2875
1645,2883
1645,2884
1645,2886
1667,2205
1645,2887
1643,2951
1645,2892
1667,2210
1645,2893
1645,2894
1645,2895
1547,5938
1645,2901
1667,2222
1645,2905
1645,2906
1667,2226
1645,2909
1645,2911
1645,2915
1667,2234
1643,2980
1667,2238
1645,2922
1655,2613
1645,2924
1645,2926
1667,2249
1645,2938
1667,2258
1645,2945
1645,2946
1655,2639
1543,6112
1667,2269
1645,2952
1645,2953
1645,2955
1645,2966
1655,2660
9091,1526
1655,2663
1667,2291
1645,2974
1645,2981
1655,2671
1645,2984
1645,2986
1645,2991
1645,2994
1667,2313
1645,2995
1645,2996
1543,6161
1645,3000
1667,2318
1645,3001
1645,3004
1645,3008
1561,5612
1645,3010
1530,6576
1667,2329
1667,2330
1645,3014
1645,3016
1645,3018
1645,3020
1667,2343
1645,3034
1645,3035
1645,3036
1543,6199
1667,2356
1645,3038
1645,3039
1645,3040
1645,3042
1645,3044
1655,2735
1645,3046
1645,3049
1645,3054
1655,2745
1645,3058
1645,3061
1561,5666
1667,2384
1645,3070
1645,3072
1645,3074
1645,3075
1655,2780
9091,1644
9091,1657
1667,2446
9091,1684
1667,2463
1655,2852
1543,6338
1667,2497
1667,2498
1655,2873
9091,1733
1561,5803
1655,2890
1667,2528
9091,1768
1667,2533
9091,1782
1655,2919
1667,2553
1561,5839
1561,5846
1693,1760
1655,2945
1667,2574
1667,2590
1655,2962
1655,2963
1667,2596
1655,2977
1655,2994
1667,2630
1655,3006
1667,2638
1655,3039
9091,1913
1655,3051
1509,7580
1509,7581
1509,7582
1667,2684
1509,7585
1667,2696
1667,2698
1693,1896
9091,1945
1667,2710
1667,2714
1561,6014
1693,1924
1667,2733
9091,1974
9091,1976
1561,6029
1667,2746
1667,2757
1667,2775
1561,6073
1667,2801
9091,2042
1667,2814
1667,2818
9091,2054
1667,2832
1667,2843
1667,2858
9091,2097
1667,2864
1667,2877
1667,2879
1561,6211
9091,2154
9091,2171
1667,2949
9091,2206
1667,2983
1667,3009
9091,2243
1667,3019
1667,3023
1667,3028
1667,3060
1667,3065
9091,2299
1667,3076
1598,5225
1598,5234
1598,5247
1598,5251
1598,5252
1598,5261
1598,5266
1598,5276
1598,5280
1566,6272
1566,6279
2239,1804
1693,2348
1598,5295
1598,5301
1598,5303
9091,2394
1720,1527
1598,5314
1693,2370
9091,2405
1598,5322
1598,5326
9091,2423
1598,5328
1645,3873
1598,5330
1598,5335
1598,5337
1591,5560
1598,5344
1598,5352
1598,5355
1693,2413
1693,2416
1598,5363
1598,5368
1598,5372
1598,5382
1598,5385
1598,5386
9091,2476
9091,2482
1598,5394
1598,5396
9091,2494
1598,5398
1598,5399
1598,5400
1561,6557
1598,5417
1598,5419
1598,5424
1598,5435
1598,5437
1598,5442
1598,5443
1598,5452
1591,5674
1598,5459
9091,2558
1598,5467
1598,5472
1530,7581
9091,2563
1598,5476
1598,5479
1598,5501
1720,1721
1598,5503
1598,5506
1598,5513
1598,5515
1598,5523
9091,2613
1598,5524
1598,5536
9091,2634
1598,5560
1598,5561
9091,2652
1598,5566
1720,1784
1598,5571
2239,2089
1598,5576
1598,5579
9091,2669
1598,5583
1598,5589
1598,5590
1598,5595
1598,5602
9091,2692
1598,5603
1598,5608
9091,2701
1598,5613
1598,5617
1598,5618
9091,2708
1598,5621
9091,2744
1598,5654
1598,5658
1598,5663
1591,5886
1598,5669
1598,5683
1598,5685
1598,5692
1732,1546
1598,5705
1720,1936
1598,5720
1720,1943
1598,5729
1598,5738
1598,5745
1598,5746
1598,5749
1598,5750
2117,6051
1598,5756
1598,5766
1598,5769
1598,5774
9091,2868
1598,5779
1720,2001
1598,5788
1732,1648
1598,5804
1598,5811
1720,2035
1598,5818
9091,2927
1598,5832
1598,5835
1598,5838
2117,6134
1598,5844
1598,5865
9091,2967
1598,5884
1732,1730
9091,2973
1732,1733
9091,2979
1598,5903
1598,5913
1598,5921
1720,2140
1598,5928
1598,5930
1598,5954
1598,5965
1732,1812
9091,3074
1598,6008
1598,6014
1598,6019
2239,2558
1598,6073
1598,6081
1598,6094
1598,6112
1598,6131
2239,2660
1732,1995
2239,2677
2239,2708
1598,6214
1720,2473
1598,6261
1732,2116
1598,6274
1598,6302
1732,2170
1598,6338
1732,2188
1720,2577
1749,1697
1732,2263
1749,1743
1749,1750
1561,7579
1749,1814
1732,2361
1720,2747
1598,6557
1598,6568
1720,2825
1643,5229
1732,2482
1749,1964
1643,5275
1645,5245
1732,2551
1749,2027
1732,2559
1732,2591
1645,5288
1720,3007
1645,5341
1645,5365
1645,5384
1645,5400
1645,5401
1643,5467
1645,5435
1645,5440
1645,5469
1749,2254
1645,5478
1645,5485
1732,2817
1655,5225
1645,5538
1643,5602
1645,5542
1749,2318
1645,5548
1645,5551
1645,5587
1645,5603
1645,5612
1645,5629
1645,5637
1645,5647
1732,2953
12522,12522
1645,5669
1645,5680
1732,2984
1645,5695
1645,5701
1732,3014
1645,5738
1655,5445
1643,5818
1645,5756
1732,3074
1645,5776
1645,5788
1645,5792
1645,5803
1655,5501
1749,2610
1645,5839
1645,5867
1645,5882
1667,5221
1645,5904
1655,5597
1645,5921
12531,12531
1645,5949
1667,5274
1645,5980
12532,12565
1749,2794
1667,5347
1645,6030
1667,5357
1645,6044
1645,6050
1645,6059
1655,5764
1833,246
1667,5396
1667,5398
1667,5403
1645,6096
1645,6130
1645,6131
1645,6134
1667,5453
1667,5471
1667,5472
1645,6157
1645,6177
1749,2978
1667,5526
1645,6211
1645,6272
1645,6274
1645,6280
1667,5613
1667,5617
1645,6302
1667,5640
1667,5654
1645,6340
1667,5663
1645,6354
1655,6051
1667,5709
1667,5746
1655,6161
1667,5811
1836,573
1655,6228
1645,6568
1667,5913
1667,6027
9091,5305
1807,1808
1667,6164
9091,5472
9091,5546
1833,1565
1836,1565
9091,6044
1836,1634
1836,1641
1833,1746
1645,7582
1883,252
1833,1834
1836,1756
1836,1776
1836,1816
1833,1922
1836,1872
1833,2019
1833,2033
1833,2062
1833,2064
1833,2083
1836,2005
1836,2081
1836,2087
1833,2221
1833,2241
1833,2267
1833,2389
1833,2412
2409,958
1836,2368
1836,2374
1833,2471
1836,2391
1833,2495
1833,2496
1509,12589
1857,1831
1836,2520
1833,2650
1833,2665
1833,2686
1833,2695
1836,2619
1833,2763
1836,2721
1833,2831
1833,2837
1836,2802
1833,3012
1836,2925
1833,3025
1836,2933
2409,1679
1883,1660
1883,1703
2409,1803
2395,2282
1883,1783
1883,1794
1883,1806
2395,2396
1883,1963
1883,1994
2409,2132
12474,1569
2395,2736
12512,415
12519,217
12512,443
12518,256
2409,2410
12518,345
12512,599
12524,256
12474,1811
12512,648
12474,1878
12518,568
12474,1938
12512,802
12518,636
12474,2015
12532,217
2409,2734
1883,2663
12513,818
12532,246
1883,2693
12529,345
12531,311
12531,345
12525,525
12518,779
12535,256
12529,467
12530,467
12525,636
12532,431
12531,467
12518,886
12529,561
12529,568
1883,2940
12525,717
12531,561
2409,3044
12531,568
12529,636
12531,580
12530,636
12474,2400
12525,818
12474,2405
12519,1008
12531,636
12531,681
12531,717
12531,754
12529,818
12542,431
12530,818
12526,958
12550,246
12474,2651
12513,1460
12512,1494
12512,1516
12542,599
12512,1539
12513,1519
12542,616
12512,1556
12513,1527
12513,1539
12514,1533
12513,1572
12514,1544
12512,1605
12514,1537
12514,1540
12514,1539
12512,1612
12513,1582
12514,1546
12512,1620
12513,1586
12532,1008
12514,1565
12514,1562
12513,1593
12514,1570
12514,1572
12512,1633
12512,1646
12554,345
12514,1597
12512,1659
12514,1600
12512,1656
12514,1608
12514,1607
12513,1638
12514,1602
12514,1601
12517,1522
12513,1649
12514,1617
12513,1651
12514,1620
12517,1533
12514,1627
12512,1699
12516,1578
12514,1634
12529,1169
12514,1641
12514,1654
12512,1716
12517,1562
12514,1650
12518,1526
12514,1649
12514,1651
12511,1754
12518,1534
12518,1535
12518,1546
12518,1545
12530,1169
12517,1584
12518,1552
12514,1676
12512,1737
12514,1675
12514,1686
12518,1564
12517,1590
12513,1725
12518,1569
12531,1169
12513,1721
12512,1752
12514,1691
12518,1580
12518,1574
12514,1697
12513,1731
12514,1700
12514,1712
12518,1587
12514,1706
12518,1584
12514,1718
12512,1781
12512,1776
12518,1603
12514,1722
12514,1734
12518,1610
12514,1735
12518,1608
12514,1731
12513,1773
12518,1618
12518,1617
12521,1526
12518,1619
12518,1615
12514,1751
12518,1624
12514,1748
12512,1809
12518,1636
12513,1784
12514,1753
12518,1629
12518,1632
12518,1641
12518,1644
12518,1638
12518,1640
12518,1652
12514,1775
12474,3015
12517,1677
12518,1646
12518,1648
12513,1803
12512,1834
12518,1647
12518,1657
2453,2378
12512,1852
12518,1668
12517,1698
12512,1848
12518,1662
12516,1724
12518,1661
1833,5221
12514,1785
12512,1860
12518,1669
12518,1682
12511,1901
12518,1684
12512,1869
12513,1835
12474,3043
12518,1679
12518,1690
12512,1875
12518,1692
12514,1812
12522,1574
12513,1852
12514,1824
12514,1823
12518,1694
12518,1696
12511,1913
12518,1695
12514,1819
12518,1706
12514,1830
12474,3067
12514,1838
12518,1714
12514,1837
12513,1870
12518,1710
12518,1712
12521,1618
12518,1724
12511,1936
12518,1730
12522,1608
12524,1546
12514,1849
12514,1852
12512,1914
12519,1707
2453,2454
12518,1733
12514,1860
12525,1519
12518,1735
12511,1963
12519,1717
12514,1866
12518,1742
12522,1617
12518,1741
12513,1898
12518,1754
12522,1629
12518,1755
12514,1873
12518,1752
12512,1937
12522,1638
12518,1762
12518,1764
12517,1795
12514,1887
12525,1546
12518,1758
12514,1882
12514,1881
12518,1757
12526,1512
12525,1542
12513,1925
12524,1584
12514,1893
12518,1771
12512,1957
12512,1951
12518,1768
12526,1520
12513,1922
12514,1891
12525,1560
12517,1808
12518,1780
12514,1903
12518,1774
12518,1775
12517,1817
12514,1910
12526,1537
12513,1943
12514,1912
12518,1788
12518,1782
12511,1999
12514,1906
12513,1936
12519,1753
12512,1970
12514,1907
12525,1577
12518,1794
12525,1579
12512,1982
12518,1795
12526,1542
12524,1603
12512,1978
12514,1926
12519,1770
12518,1804
12513,1958
12525,1586
12518,1797
12514,1921
12515,1892
12524,1624
12518,1812
12518,1811
12526,1563
12520,1743
12525,1601
12522,1695
12518,1819
12525,1602
12525,1597
12525,1596
12518,1813
12527,1534
12525,1599
12518,1815
12514,1950
12518,1826
12525,1608
12526,1580
12518,1827
12520,1760
12513,1976
12514,1945
12526,1573
12513,1978
12524,1648
12514,1958
12524,1647
12525,1616
12514,1960
12514,1959
12511,2047
12514,1953
12525,1612
12523,1674
12526,1584
12518,1832
12524,1646
12513,1999
12518,1844
12524,1657
12517,1871
12518,1840
12525,1622
12515,1943
12514,1974
12514,1976
12518,1846
12525,1628
12513,2000
12514,1969
12518,1848
12514,1972
12526,1600
12522,1724
12525,1640
12514,1981
12529,1516
12512,2046
12514,1984
12523,1704
12518,1859
12522,1730
12518,1853
12518,1855
12522,1741
12514,1989
12525,1651
12525,1650
12519,1831
12518,1863
12518,1874
12518,1876
12525,1659
12520,1814
12525,1658
12525,1653
12512,2058
12525,1654
12524,1696
12526,1634
12527,1603
12518,1882
12525,1664
12526,1633
12518,1881
12524,1695
12514,2002
12518,1878
12513,2035
12518,1880
12514,2004
12514,2003
12526,1642
12514,2013
12518,1892
12522,1768
12514,2016
12525,1674
12518,1886
12511,2103
12517,1916
12514,2011
12514,2022
12512,2084
12513,2055
12513,2054
12526,1651
12525,1682
12513,2048
12514,2017
12524,1710
12513,2051
12528,1586
12522,1782
12525,1688
12525,1690
12518,1902
12518,1901
12525,1684
12526,1656
12513,2058
12518,1913
12514,2037
12524,1730
12518,1916
12518,1915
12524,1724
12529,1569
12518,1909
12526,1664
12518,1911
12514,2045
12525,1704
12524,1735
12525,1706
12518,1923
12512,2109
12514,2042
12522,1794
12518,1917
12514,2044
12531,1517
12518,1919
12525,1712
12512,2118
12526,1683
12525,1714
12514,2050
12512,2111
12514,2049
12526,1680
12532,1494
12524,1741
12518,1938
12518,1940
12518,1939
12531,1531
12518,1933
12526,1688
12512,2122
12511,2152
12525,1718
12518,1935
12518,1946
12525,1729
12518,1945
12525,1728
12512,2133
12526,1694
12525,1725
12525,1724
12514,2065
12518,1944
12512,2130
12522,1819
12518,1943
1833,5504
12514,2078
12522,1830
12518,1956
12531,1553
12518,1955
12525,1733
12529,1608
12513,2107
12514,2076
12512,2148
12518,1962
12525,1747
12526,1715
12531,1560
12514,2087
12518,1963
12532,1524
12518,1958
12524,1771
12525,1740
12518,1960
12514,2084
12513,2114
12525,1742
12514,2094
12526,1722
12531,1569
12514,2095
12532,1532
12526,1717
12526,1719
12514,2102
12514,2101
12524,1794
12531,1577
12519,1949
12525,1763
12526,1731
12514,2103
12518,1974
12524,1788
12513,2128
12519,1942
12518,1976
12518,1975
12527,1696
12518,1986
12525,1771
12514,2106
12518,1982
12514,2105
12521,1901
12515,2086
12512,2179
12514,2120
12518,1995
12518,1991
12533,1526
12526,1743
12517,2033
12531,1599
12518,2002
12525,1784
12518,2001
12526,1755
12525,1786
12512,2189
12512,2184
12514,2121
12526,1752
12518,2000
12531,1596
12518,2010
12533,1545
12518,2009
12531,1609
12532,1578
12512,2197
12526,1763
12525,1789
12514,2129
12529,1666
12532,1573
12529,1677
12524,1832
12525,1801
12518,2017
12526,1772
12518,2019
1836,5478
12514,2138
12518,2014
12512,2199
12532,1579
12520,1954
12522,1892
12526,1768
12514,2139
12518,2015
12524,1840
12522,1902
12522,1901
12525,1810
12532,1593
12514,2146
12532,1588
12512,2208
12526,1774
12518,2023
12512,2209
12514,2147
12518,2034
12514,2157
12529,1692
12526,1788
12525,1819
12518,2036
12518,2035
12518,2030
12513,2185
12514,2156
12525,1815
12534,1535
12514,2166
12518,2042
12518,2041
12525,1827
12518,2044
12531,1640
12513,2198
12518,2038
12518,2037
12526,1789
12525,1820
12526,1792
12518,2040
12524,1853
12519,2008
12532,1605
12532,1615
12533,1587
12525,1834
12512,2237
12526,1803
12523,1891
12514,2169
12522,1923
12571,415
12526,1810
12522,1933
12526,1809
12518,2060
12518,2059
12522,1935
12514,2183
12518,2054
12535,1527
12512,2240
12531,1653
12532,1622
12525,1838
12529,1725
12531,1665
12514,2192
12517,2099
12518,2068
12536,1510
12532,1633
12525,1850
12535,1535
12532,1628
2453,2784
12518,2061
12526,1816
12518,2064
12513,2218
12522,1939
12518,2063
12523,1918
12533,1608
12527,1797
12512,2261
12518,2075
12518,2069
12525,1855
12518,2072
12514,2195
12518,2071
12536,1524
12518,2082
12533,1617
12525,1864
12533,1619
12514,2207
12533,1618
12525,1866
12525,1861
12526,1830
12514,2202
12526,1829
12536,1519
12531,1674
12514,2204
12518,2089
12535,1564
12514,2210
12518,2086
12531,1683
12531,1682
12577,256
12532,1654
12518,2087
12531,1684
12522,1974
12518,2097
12530,1725
12524,1911
12518,2100
12532,1666
12526,1851
12526,1846
12532,1659
12531,1690
12518,2095
12524,1909
12536,1548
12525,1888
12525,1891
12531,1705
12512,2294
12526,1860
12531,1704
12536,1549
12514,2226
12513,2256
12524,1915
12512,2290
12534,1608
12514,2228
12511,2321
12518,2104
12525,1897
12536,1556
12526,1866
12536,1555
12518,2116
12525,1899
12536,1558
12537,1526
12518,2115
12526,1862
12512,2298
12525,1894
12523,1956
12527,1832
12533,1657
12532,1688
12518,2122
12519,2093
12513,2278
12512,2309
12526,1875
12517,2154
12514,2242
12531,1714
12517,2148
12526,1869
12520,2058
12526,1872
12518,2129
12514,2256
12524,1946
12513,2287
12518,2132
12531,1729
12531,1728
12514,2250
12518,2126
12520,2063
12518,2125
12525,1908
12526,1877
12536,1567
12531,1725
12518,2127
12523,1983
12519,2106
12513,2292
12518,2140
12513,2294
12514,2263
12514,2258
12533,1668
12518,2133
12511,2353
12525,1918
12518,2146
12526,1898
12512,2332
12526,1897
12533,1682
12525,1925
12512,2328
12518,2142
12518,2141
12514,2268
12532,1709
12518,2143
12526,1895
12518,2154
12518,2153
12536,1595
12518,2155
12513,2305
12518,2150
12511,2367
12512,2336
12525,1932
12518,2152
12529,1811
12518,2151
12523,1996
12514,2275
12526,1914
12525,1945
12529,1821
12522,2037
12514,2288
12518,2164
12518,2163
12514,2287
12517,2189
12536,1600
12518,2160
12535,1632
12518,2170
12524,1986
12518,2171
12522,2042
12524,1982
12532,1733
12525,1961
12524,1991
12518,2180
12523,2025
12535,1652
12512,2360
12525,1956
12514,2297
12535,1646
12518,2176
12534,1679
12513,2341
12518,2186
12514,2309
12531,1782
12526,1937
12536,1630
12518,2188
12525,1965
12524,1995
12518,2181
12514,2305
12512,2370
12535,1657
12525,1967
12526,1935
12522,2059
12513,2338
12525,1977
12525,1976
12531,1790
12526,1948
12517,2221
12526,1942
12518,2189
12535,1662
12532,1755
12532,1768
12513,2356
12518,2204
12531,1800
12533,1733
12529,1856
12525,1983
12518,2199
12536,1652
12521,2116
12536,1651
12529,1871
12513,2367
12522,2087
12535,1679
12533,1741
12518,2206
12525,1989
12526,1957
12518,2205
12537,1619
12533,1742
12518,2207
12532,1773
12536,1649
12518,2218
12519,2187
12526,1970
12514,2342
12512,2404
12525,2000
12536,1662
12532,1786
12514,2344
12529,1878
12526,1971
12511,2430
12514,2337
12525,1996
12518,2213
12512,2399
12514,2340
12512,2402
12511,2432
12514,2350
12511,2443
12541,1513
12518,2225
12526,1977
12520,2166
12524,2041
12522,2103
12525,2010
12526,1974
12512,2408
12523,2067
12518,2224
12536,1666
12524,2038
12535,1696
12513,2378
12518,2223
12532,1789
12525,2017
12525,2016
12518,2233
12518,2236
12533,1771
12531,1827
12526,1981
12518,2229
12525,2014
12529,1890
12525,2025
12526,1994
12514,2366
12526,1993
12532,1810
12536,1686
12514,2368
12531,1840
12513,2393
12525,2020
12517,2268
12513,2392
12535,1710
12522,2116
12536,1681
12512,2425
12518,2250
12534,1754
12522,2125
12514,2376
12525,2034
12532,1817
12522,2122
12514,2369
12514,2372
12518,2248
12533,1782
12521,2154
12518,2247
12531,1855
12526,2012
12526,2005
12518,2256
12531,1853
12514,2380
12524,2069
12512,2441
12512,2452
12518,2265
12532,1834
12525,2050
12522,2143
12513,2422
12536,1709
12514,2386
12532,1828
12518,2261
12531,1861
12514,2388
12517,2295
12518,2264
12518,2263
12542,1519
12525,2046
12514,2398
12518,2273
12525,2056
12512,2462
12518,2276
12525,2058
12517,2301
12522,2146
12536,1712
12526,2022
12518,2269
12536,1711
12533,1804
12518,2271
12512,2457
12536,1713
12513,2437
12535,1755
12518,2282
12525,2064
12532,1850
12519,2253
12525,2067
12513,2432
12519,2246
12514,2401
12518,2280
12518,2279
12529,1938
12514,2414
12518,2290
12511,2506
12529,1951
12532,1858
12533,1827
12528,1976
12519,2255
12518,2286
12525,2068
12523,2130
12536,1727
12526,2037
12526,2040
12531,1885
12526,2039
12525,2070
12514,2411
12523,2142
12526,2049
12531,1894
12525,2080
12531,1897
12541,1587
12518,2299
12514,2418
12518,2296
12514,2420
12525,2079
12518,2295
12525,2078
12532,1872
12531,1902
12514,2429
12531,1905
12514,2431
12517,2338
12518,2307
12515,2394
12525,2087
12525,2097
12518,2313
12524,2127
12533,1848
12520,2254
12542,1572
12535,1788
12525,2098
12518,2315
12534,1819
12524,2129
12526,2062
12514,2434
12518,2310
12525,2095
12518,2312
12524,2126
12536,1753
12531,1908
12542,1567
12532,1877
12525,2107
12514,2448
12529,1982
12518,2323
12536,1765
12513,2473
12536,1760
12518,2317
12512,2503
12518,2319
12514,2443
12537,1741
12515,2423
12524,2146
12541,1618
12536,1773
12531,1928
12518,2326
12514,2450
12518,2325
1833,5886
12512,2513
12532,1904
12524,2152
12532,1906
12518,2334
12526,2086
12525,2116
12526,2088
12531,1932
12525,2129
12535,1819
12514,2469
12518,2345
12525,2128
12519,2314
12525,2131
12525,2130
12518,2347
12527,2063
12515,2435
12519,2311
12536,1784
12524,2155
12513,2499
12526,2096
12536,1796
12512,2540
12525,2137
12518,2354
12532,1919
12518,2353
12535,1826
12513,2511
12524,2170
12529,2015
12526,2108
12514,2479
12526,2101
12517,2383
12518,2351
12512,2537
12524,2176
12536,1803
12518,2361
12518,2363
12525,2146
12513,2513
12532,1924
12540,1675
12525,2140
12514,2484
12518,2360
12525,2142
12518,2359
12535,1832
12518,2370
12512,2556
12529,2030
12518,2371
12518,2366
12525,2149
12519,2335
12526,2118
12536,1808
12526,2120
12522,2243
12514,2502
12533,1913
12518,2378
12576,580
12538,1757
12517,2408
12520,2318
12518,2379
12525,2157
12524,2188
12511,2591
12514,2497
12535,1846
12525,2159
12536,1818
12525,2158
12531,1983
12518,2386
12567,867
12526,2138
12524,2199
12512,2574
12518,2388
12513,2543
12534,1891
12514,2511
12518,2387
12514,2506
12512,2567
12541,1668
12517,2412
12512,2570
12518,2383
12515,2476
12518,2394
12514,2518
12526,2146
12522,2269
12513,2548
12536,1835
12514,2520
12542,1651
12519,2364
1836,5855
12525,2172
12524,2206
12525,2174
12523,2247
12515,2494
12518,2401
12535,1876
12525,2181
12514,2522
12534,1901
12525,2180
12512,2583
12518,2400
12532,1966
12522,2276
12514,2524
12524,2213
12513,2554
12531,1996
12525,2182
12524,2224
12512,2596
12526,2162
12525,2195
12532,1977
12513,2561
12518,2405
12518,2407
12514,2531
12536,1860
12531,2014
12526,2169
12525,2200
12518,2417
12518,2420
12536,1862
12526,2171
12518,2414
12525,2197
12535,1886
12531,2013
12532,1981
12514,2539
12513,2581
12536,1868
12511,2642
12531,2025
12526,2179
12524,2236
12513,2577
12518,2421
12542,1680
12518,2424
12525,2207
12532,1989
12518,2423
12524,2248
12512,2622
12518,2435
12536,1877
12512,2621
12518,2430
12517,2460
12542,1688
12512,2617
12514,2555
12514,2566
12512,2628
12548,1512
12522,2317
12533,1976
12526,2193
12512,2627
12514,2568
12523,2288
12542,1699
12518,2438
12535,1911
12531,2034
12522,2313
12532,2003
12518,2437
12537,1848
12518,2440
12526,2192
12527,2170
12538,1832
12518,2451
12526,2203
12535,1919
12511,2663
12525,2228
12514,2569
12518,2445
12523,2293
12536,1890
12525,2231
12533,1982
12514,2571
12512,2633
12518,2447
12536,1900
12518,2458
12526,2209
12513,2612
12518,2460
12525,2243
12542,1716
12514,2584
12514,2578
12518,2454
12536,1896
12532,2020
12542,1709
12525,2238
12535,1939
12524,2279
12518,2465
12545,1628
12548,1538
12518,2468
12527,2188
12526,2219
12525,2245
12525,2244
12531,2058
12525,2247
12529,2123
12532,2030
12526,2215
12525,2257
12518,2474
12535,1946
12518,2473
12524,2290
12514,2600
12518,2476
12531,2072
12518,2475
12515,2563
12535,1943
12531,2067
12518,2469
12525,2252
12518,2472
12514,2596
12531,2079
12524,2296
12512,2668
12518,2482
12535,1955
12536,1924
12514,2608
12518,2484
12525,2266
12544,1677
12522,2359
12518,2478
12531,2077
12538,1859
12570,867
12535,1963
12537,1901
12529,2148
12519,2458
12536,1931
12518,2489
12513,2646
12514,2615
12513,2641
12550,1494
12514,2610
12514,2609
12526,2237
12531,2085
12512,2673
12514,2611
12525,2281
12526,2249
12540,1818
12536,1942
12518,2499
12513,2654
12525,2282
12514,2623
12522,2375
12511,2716
12526,2246
12518,2494
12513,2649
12518,2496
12512,2682
12524,2310
12549,1534
12514,2619
12525,2278
12536,1937
12534,2010
12550,1514
12526,2258
12533,2040
12541,1792
12512,2691
12525,2288
12513,2663
12514,2631
12537,1913
12514,2626
12518,2502
12512,2687
12525,2284
12524,2315
12518,2504
12525,2297
12518,2514
12519,2483
12532,2079
12550,1524
12518,2516
12526,2262
12541,1797
12525,2293
12518,2509
12550,1519
12514,2635
12524,2325
12526,2274
12525,2305
12514,2645
12514,2648
12523,2369
12518,2524
12526,2275
12521,2430
12522,2394
12518,2518
12526,2270
12531,2115
12542,1773
12518,2517
12514,2641
12512,2705
12511,2736
12518,2519
12529,2189
12538,1909
12540,1847
12526,2281
12514,2656
12532,2098
12518,2526
12514,2650
12529,2184
12533,2060
12542,1784
12514,2662
12512,2724
12522,2414
12531,2135
12526,2290
12514,2661
12518,2539
12524,2353
12514,2658
12537,1945
12537,1944
12525,2316
12518,2533
12534,2037
12536,1978
12523,2380
12525,2329
12524,2360
12542,1802
12518,2545
12538,1925
12549,1587
12537,1953
12511,2759
12538,1921
12518,2544
12539,1892
12525,2326
12523,2399
12533,2089
12526,2306
12518,2554
12532,2119
12518,2556
12532,2122
12536,1997
12527,2276
12514,2679
12535,2023
12518,2549
12533,2087
12536,1994
12518,2552
12526,2304
12518,2551
12533,2097
12532,2128
12521,2469
12522,2438
12531,2158
12514,2685
12547,1662
12521,2468
12535,2037
12541,1851
12534,2068
12518,2563
12525,2341
12518,2558
12518,2557
12536,1999
12526,2309
12525,2343
12518,2560
12541,1847
12518,2559
12550,1567
12527,2280
12514,2683
12526,2322
12523,2415
12514,2693
12525,2352
12512,2755
12535,2042
12518,2572
1836,6030
12535,2044
12540,1884
12518,2566
12524,2379
12518,2565
12532,2131
12535,2041
12514,2692
12535,2040
12539,1916
12521,2474
12542,1834
12548,1648
12527,2299
12526,2329
12518,2577
12518,2580
12532,2145
12549,1618
12518,2579
12545,1742
12531,2171
12539,1922
12525,2356
12541,1863
12526,2328
12522,2451
12536,2028
12518,2586
12525,2369
12535,2059
12517,2617
12513,2740
12518,2587
12518,2582
12525,2365
12512,2768
12512,2767
12535,2054
12545,1747
12518,2584
12514,2707
12531,2180
12518,2594
12542,1850
12513,2748
12526,2342
12535,2063
12514,2713
12513,2747
12524,2405
12518,2591
12513,2756
12518,2604
12524,2417
12525,2386
12518,2603
12518,2598
12513,2753
12533,2133
12527,2319
12518,2597
12513,2752
12525,2380
12519,2566
12514,2721
12521,2504
12535,2073
12514,2724
12526,2352
12523,2444
12526,2362
12524,2424
12535,2082
12532,2175
12525,2392
12531,2208
12517,2642
12512,2797
12532,2171
12525,2388
12518,2608
12531,2205
12526,2360
12518,2607
12514,2731
12524,2421
12522,2494
12525,2401
12514,2742
12518,2618
12534,2122
12518,2617
12519,2588
12532,2185
12550,1622
12518,2614
12526,2366
12529,2273
12523,2459
12518,2613
12536,2055
12550,1621
12535,2086
12525,2396
12518,2616
12525,2399
12526,2368
12524,2430
12533,2150
12515,2708
12545,1789
12537,2037
12518,2625
12533,2160
12532,2193
12513,2776
12518,2621
12518,2624
12517,2655
12518,2623
12522,2499
12518,2634
12529,2292
12524,2447
12522,2509
12514,2760
12513,2791
12537,2046
12526,2387
12512,2821
12532,2201
12514,2756
12525,2415
12517,2663
12535,2104
12532,2197
12537,2042
12518,2631
12525,2414
12536,2073
12526,2394
12518,2642
12531,2238
12529,2300
12550,1649
12536,2083
12518,2644
12518,2643
12514,2767
12524,2452
12526,2390
12514,2761
12525,2420
12513,2794
12526,2402
12534,2154
12532,2216
12544,1844
12531,2247
12548,1719
12526,2404
12512,2838
12518,2652
12514,2776
12525,2434
12524,2465
12536,2088
12518,2646
12532,2212
12525,2429
12523,2490
12525,2428
12514,2769
12522,2524
12531,2245
12534,2152
12536,2090
12512,2834
12526,2399
12554,1531
12514,2782
12524,2472
12525,2441
12548,1727
12541,1944
12518,2660
12512,2846
12518,2659
12535,2132
12526,2411
12535,2127
12514,2778
12512,2840
12525,2436
12535,2126
12537,2064
12521,2563
12536,2098
12536,2108
12532,2232
12534,2170
12526,2418
12512,2851
12526,2420
12524,2482
12541,1955
12542,1924
12536,2109
12518,2662
12538,2041
12524,2475
12526,2413
12525,2444
12513,2816
12530,2292
12514,2788
12514,2787
12518,2663
12511,2890
12534,2180
12525,2459
12524,2489
12533,2205
12513,2825
12514,2793
12520,2610
12518,2671
12547,1783
12518,2682
12526,2433
12537,2092
12512,2867
12531,2281
12517,2714
12514,2807
12525,2466
12523,2528
12532,2249
12525,2461
12514,2802
12536,2120
12526,2430
12533,2213
12518,2677
12525,2460
12537,2091
12535,2153
12525,2463
12525,2462
12535,2152
12518,2690
12518,2689
12514,2813
12526,2441
12518,2692
12535,2164
12536,2133
12525,2474
12525,2469
12523,2531
12514,2809
12551,1665
12518,2688
12529,2347
12540,2006
12532,2253
12522,2563
12519,2667
12526,2450
12535,2171
12518,2697
12526,2449
12532,2266
12526,2452
12518,2700
12550,1707
12541,1986
12514,2818
12523,2539
12525,2477
12511,2911
12522,2569
12531,2293
12517,2727
12525,2479
12518,2695
12548,1776
12526,2458
12524,2519
12518,2705
12518,2708
12550,1716
12525,2490
12518,2702
12532,2267
12518,2701
12526,2456
12518,2703
12545,1866
12524,2517
12535,2186
12518,2716
12521,2623
12531,2313
12542,1971
12518,2709
12545,1872
12518,2712
12524,2526
12525,2494
12536,2164
12525,2505
12534,2225
12519,2693
12525,2506
12540,2041
12526,2475
12526,2470
1836,6184
12531,2316
12525,2502
12518,2729
12531,2329
12537,2142
12536,2173
12525,2514
12526,2483
12518,2731
12526,2478
12518,2726
12522,2604
12518,2727
12517,2758
12550,1746
12518,2738
12539,2086
12522,2613
12524,2551
12526,2489
12513,2895
12524,2554
12523,2579
12529,2392
12518,2736
12536,2178
12518,2735
12519,2715
12548,1816
12524,2560
12529,2405
12535,2218
12525,2528
12518,2745
12536,2187
12514,2869
12525,2531
12529,2407
12533,2282
12513,2902
12511,2959
12529,2400
12518,2744
12513,2899
12537,2154
12536,2196
12520,2692
12525,2537
12553,1668
12525,2539
12537,2167
12514,2880
12535,2229
12522,2631
12518,2749
12522,2625
12525,2535
12526,2503
12531,2348
12532,2317
12535,2235
12526,2513
12514,2885
12518,2761
12525,2544
12530,2392
12529,2422
12522,2634
12524,2572
12514,2882
12518,2758
12549,1797
12545,1920
12529,2419
12525,2543
12518,2760
12534,2263
12531,2356
12518,2759
12526,2521
12532,2335
12514,2896
12517,2797
12524,2580
12546,1897
12512,2951
12514,2889
12550,1773
12518,2768
12526,2520
12529,2426
12533,2313
12524,2591
12518,2780
12525,2562
12536,2221
12518,2774
12525,2556
12524,2587
12534,2280
12522,2652
12514,2900
12532,2341
12514,2899
12532,2352
12513,2941
12512,2971
12518,2785
12536,2230
12514,2912
12525,2571
12514,2911
12541,2074
12518,2787
12538,2167
12533,2317
12513,2939
12535,2256
12518,2783
12530,2422
12524,2608
12550,1802
12525,2576
12522,2669
12524,2607
12525,2579
12532,2362
12514,2920
12535,2269
12536,2237
12518,2795
12526,2547
12536,2232
12518,2790
12524,2616
12548,1872
12542,2058
12532,2367
12534,2305
12525,2584
12518,2804
12524,2618
12541,2091
12525,2581
12559,1526
12514,2924
12524,2614
12525,2583
12526,2552
12514,2923
12514,2934
12533,2345
12531,2407
12532,2375
12550,1817
12518,2809
12526,2561
12514,2933
12527,2533
12523,2657
12519,2781
12525,2595
12518,2812
12512,2997
12524,2625
12517,2837
12535,2279
12518,2806
12514,2930
12541,2092
12514,2929
12529,2464
12519,2777
12531,2405
12548,1877
12531,2415
12525,2600
12536,2259
12518,2817
12514,2943
12536,2261
12545,1977
12526,2566
12525,2598
12518,2815
12550,1834
12535,2299
12525,2608
12518,2825
12545,1988
12522,2701
12525,2611
12542,2084
12526,2574
12523,2666
12550,1829
12518,2824
12557,1614
12550,1831
12532,2399
12518,2833
12525,2619
12518,2836
12533,2371
12514,2960
12532,2402
12538,2215
12514,2959
12524,2644
12546,1962
12525,2612
12518,2829
12537,2243
12526,2583
12535,2315
12525,2624
12536,2283
12526,2596
12548,1914
12534,2347
12537,2249
12514,2961
12517,2871
12529,2499
12541,2127
12525,2623
12514,2973
12525,2632
12537,2263
12514,2976
12542,2107
12525,2629
12523,2691
12518,2845
12548,1915
12518,2848
12526,2600
12511,3065
12531,2444
12526,2599
12538,2238
12512,3043
12511,3074
12529,2516
12536,2302
12532,2426
12533,2394
12518,2859
12514,2978
12518,2856
12520,2794
12526,2608
12531,2463
12525,2649
12518,2866
12526,2619
12525,2645
12550,1870
12536,2304
12518,2862
12531,2459
12518,2861
12540,2182
12542,2120
12526,2616
12518,2863
12524,2677
12525,2657
12514,2998
12526,2626
12525,2659
12524,2690
12526,2628
12541,2162
12542,2131
12532,2441
12524,2689
12526,2627
12526,2622
12525,2653
12537,2280
12531,2466
12550,1877
12518,2872
12518,2871
12550,1879
12518,2882
12536,2323
12525,2664
12535,2354
12518,2884
12525,2666
12526,2635
12536,2320
12520,2816
12518,2877
12541,2167
12535,2353
12517,2910
12525,2673
12535,2363
12518,2890
12532,2455
12513,3044
12539,2241
12526,2644
12518,2891
12518,2886
12536,2328
12524,2702
12533,2423
12513,3053
12523,2743
12525,2681
12524,2712
12525,2680
12518,2897
12513,3052
12534,2401
12533,2435
12519,2869
12541,2186
12516,2961
12536,2336
12518,2893
12525,2676
12525,2679
12536,2338
12532,2462
12518,2896
12531,2493
12532,2461
12526,2658
12550,1914
12518,2906
12532,2471
12514,3029
12518,2905
12514,3032
12553,1823
12525,2691
12518,2907
12525,2685
12516,2963
12541,2191
12526,2656
12529,2563
12525,2687
12519,2873
12526,2655
12514,3027
12535,2387
12518,2914
12532,2480
12525,2696
12524,2727
12542,2172
12519,2885
12518,2916
12524,2729
12535,2383
12518,2910
12518,2912
12539,2261
12525,2695
12525,2705
12535,2394
12550,1929
12524,2735
12531,2521
12541,2211
12537,2334
12531,2514
12514,3041
12538,2310
12525,2713
12519,2899
12526,2681
12523,2774
12518,2929
12526,2684
12514,3056
12518,2932
12524,2745
12514,3055
12526,2678
12525,2710
12514,3051
12518,2927
12526,2679
12518,2938
12523,2782
12518,2940
12526,2692
12532,2505
12533,2474
12525,2722
12525,2717
12518,2934
12531,2531
12533,2469
12522,2809
12514,3057
12525,2719
12531,2533
12518,2935
12531,2532
12536,2377
12548,2005
12535,2408
12518,2946
12532,2512
12552,1891
12553,1860
12525,2728
12525,2731
12531,2545
12525,2730
12535,2420
12532,2513
12525,2725
12514,3066
12534,2445
12533,2476
12525,2724
12514,3068
12526,2696
12518,2954
12515,3047
12544,2148
12518,2953
12525,2736
12545,2119
12514,3080
12518,2955
12518,2950
12525,2732
12531,2549
12523,2796
12518,2951
12526,2714
12548,2031
2395,5474
12534,2468
12518,2964
12518,2963
12550,1971
12529,2617
12518,2958
12543,2185
12518,2960
12525,2743
12528,2649
12518,2959
12533,2494
12525,2753
12559,1699
12536,2412
12533,2504
12527,2690
12524,2783
12518,2969
12526,2724
12532,2537
12527,2692
12524,2785
12536,2408
12525,2748
12532,2534
12518,2968
12525,2751
12539,2317
12526,2719
12518,2967
12525,2761
12536,2420
12525,2760
12532,2543
12518,2977
12518,2979
12534,2478
12525,2756
12518,2973
12525,2759
12531,2573
12526,2728
12548,2046
12518,2986
12525,2769
12525,2768
12518,2985
12536,2427
12531,2579
12532,2548
12518,2981
12525,2764
12532,2547
12548,2054
12525,2767
12520,2922
12536,2426
12518,2984
12518,2994
12525,2776
12541,2280
12518,2996
12518,2995
12544,2189
12525,2778
12556,1812
12525,2773
12536,2432
12516,3051
12524,2806
12518,2991
12525,2774
12535,2475
12524,2815
12518,3001
12532,2567
12518,3004
12550,2012
12526,2755
12535,2476
12540,2321
12534,2502
12531,2595
12533,2533
12526,2750
12553,1912
12532,2563
12518,2997
12542,2253
12531,2594
12550,2008
12518,3000
12525,2782
12536,2441
12518,2999
12549,2038
12551,1987
12518,3010
12529,2668
12533,2544
12550,2020
12518,3012
12562,1648
12535,2478
12525,2788
12518,3005
12542,2261
12558,1768
12531,2605
12525,2791
12518,3008
12547,2108
12532,2583
12525,2800
12518,3017
12525,2803
12545,2183
12526,2772
12524,2833
12518,3014
12523,2859
12525,2796
12536,2455
12525,2799
12532,2582
12535,2489
12536,2458
12533,2551
12524,2829
12532,2581
12518,3015
12518,3026
1509,236
12536,2467
12533,2563
12560,1726
12525,2811
12532,2593
12534,2531
12550,2035
12531,2624
12518,3027
12525,2805
12531,2619
12533,2557
12518,3022
12566,1533
12525,2807
12533,2558
12526,2786
12531,2630
12518,3036
12525,2819
12535,2509
12518,3035
12547,2136
12525,2813
12518,3030
12545,2192
12563,1634
12518,3029
12518,3032
12518,3031
12525,2814
12524,2856
1509,252
12525,2825
12554,1928
12535,2517
12518,3044
12518,3043
12564,1612
12553,1953
1509,256
12540,2357
12552,1996
12518,3050
12518,3049
12548,2119
12534,2556
12524,2866
12522,2927
12519,3020
12518,3046
12526,2798
12535,2518
12539,2394
12525,2828
12524,2859
12518,3048
12524,2862
12518,3047
12524,2861
12518,3058
12536,2500
12525,2841
12525,2840
12524,2871
12525,2843
12531,2657
12540,2378
12518,3060
12553,1974
12533,2594
12518,3059
12526,2811
12522,2935
12518,3053
12535,2526
12518,3056
12518,3066
12536,2508
12518,3065
1833,6617
12541,2355
12536,2510
12518,3067
12550,2075
12532,2628
12518,3062
12529,2721
12525,2845
12531,2659
12518,3061
12536,2506
12526,2816
12527,2785
12535,2536
12536,2505
12525,2846
12518,3074
12539,2423
12526,2826
12518,3076
12525,2859
12518,3075
12525,2853
12536,2512
12518,3070
12524,2884
12532,2635
12531,2666
12525,2855
12524,2886
12518,3072
12525,2854
12526,2823
12526,2834
12535,2554
12545,2244
12535,2557
12531,2680
12537,2494
12549,2116
12525,2860
12518,3077
12524,2893
12531,2676
12552,2025
12532,2655
12545,2255
12563,1697
12536,2534
12524,2906
12539,2435
12532,2652
12529,2744
12550,2093
12526,2840
12533,2623
12531,2684
12522,2963
12536,2529
12544,2292
12537,2509
12550,2106
12525,2881
12522,2973
12531,2696
12525,2882
12529,2753
12525,2877
12529,2752
12535,2566
12526,2845
12536,2538
12526,2848
12568,1545
12525,2878
12536,2547
12555,1958
12526,2857
12542,2364
12532,2673
12531,2698
12532,2667
12522,2977
12525,2897
12535,2587
12531,2710
12525,2896
12527,2836
12542,2365
12553,2027
12525,2895
12525,2894
12537,2533
12526,2874
12539,2471
12563,1727
12552,2067
12532,2687
12522,2997
12535,2594
12533,2659
12548,2194
12530,2752
12550,2131
12526,2875
12548,2188
12534,2624
12550,2128
12532,2685
12525,2902
12525,2913
12522,3005
12529,2791
12524,2940
12548,2196
12531,2722
12533,2660
12536,2567
12530,2753
12539,2476
12529,2797
12538,2520
12524,2953
12533,2669
12525,2916
12529,2795
12548,2205
12531,2732
12526,2887
12525,2929
12539,2495
12536,2588
12539,2494
12537,2558
12533,2677
12532,2707
12542,2399
12526,2906
12525,2937
12533,2688
12529,2812
12532,2719
12521,3060
12531,2753
12522,3031
12535,2625
12535,2624
12532,2717
12532,2728
12525,2947
12537,2574
12527,2884
12530,2791
12525,2941
12535,2631
12531,2757
12534,2663
12532,2725
12526,2922
12568,1620
12550,2178
12524,2984
12522,3045
12524,2986
12551,2148
12526,2923
12525,2949
12526,2918
12525,2951
12525,2950
12524,2981
12531,2775
12541,2465
12525,2960
12553,2092
12531,2774
12550,2187
12526,2926
12523,3019
12525,2957
12532,2740
12533,2708
12553,2091
12523,3021
12525,2969
12525,2971
12531,2784
1515,213
12524,3001
12532,2748
12524,2996
12525,2965
12526,2933
12529,2843
12532,2750
12524,2997
12524,3008
12522,3070
1509,405
12525,2976
12526,2945
12552,2142
12524,3010
12533,2731
12526,2942
12524,3004
12525,2973
12535,2663
12522,3065
12550,2197
12532,2755
12532,2758
12555,2044
12532,2770
12529,2863
12525,2987
12535,2671
12553,2113
12532,2764
12526,2949
12525,2980
12526,2952
12524,3014
12531,2796
12567,1690
12533,2744
12525,2992
12536,2654
12525,2989
12542,2461
12526,2957
12539,2563
12535,2689
12532,2781
12525,2998
12525,3009
12563,1830
12536,2667
1515,252
12544,2422
12532,2794
12534,2731
12524,3036
12524,3035
12570,1612
12532,2789
12532,2800
12529,2892
12525,3016
12550,2241
12525,3019
12529,2895
12554,2114
12524,3044
12525,3013
12550,2237
12570,1620
12524,3046
12532,2798
12531,2828
12541,2529
12538,2621
12536,2686
12529,2902
12535,2716
12525,3026
12569,1662
12525,3021
12550,2246
12526,2989
12525,3023
12541,2526
12526,3002
12525,3032
12542,2505
12537,2660
12537,2663
12553,2167
12550,2253
12525,3028
12524,3061
1509,467
12524,3072
12531,2855
12532,2823
12524,3074
12525,3042
12525,3037
12526,3006
12535,2726
12542,2512
12531,2853
12534,2760
12524,3070
12526,3007
12534,2759
12568,1715
12545,2428
12535,2738
12536,2707
12563,1873
12525,3050
12530,2895
12531,2864
12535,2735
12524,3075
12530,2902
12542,2530
12554,2158
12525,3057
12570,1661
12536,2715
12525,3056
12535,2749
12532,2842
12525,3053
12526,3024
12544,2465
12531,2868
12525,3065
1511,431
12525,3067
12532,2850
12546,2415
12547,2378
1515,311
12570,1665
12529,2939
12532,2846
12550,2298
1509,504
12525,3068
12526,3040
12554,2171
12536,2740
12548,2368
12570,1684
12550,2304
12526,3047
12545,2458
12553,2210
12545,2469
12548,2378
12570,1690
12552,2247
12527,3035
12570,1702
12542,2570
12532,2881
12529,2968
12532,2878
12553,2226
1515,345
12530,2939
12536,2763
12529,2982
12550,2328
12538,2709
12532,2894
12526,3079
12550,2335
12529,2997
12532,2903
12549,2379
12553,2249
1515,366
12538,2713
12531,2932
12552,2293
12535,2815
12532,2907
12533,2879
12574,1617
12542,2612
12535,2829
12529,3015
12532,2921
12527,3070
12539,2701
12564,1925
1509,573
12554,2245
12548,2428
12564,1932
12555,2213
12531,2957
12539,2708
12533,2905
1509,580
12531,2965
12542,2633
12531,2970
12548,2456
12531,2982
1509,599
12532,2947
12538,2761
12529,3043
12533,2929
12529,3053
12534,2897
12538,2773
12529,3052
12531,2992
12535,2868
12554,2279
12557,2186
12529,3054
2395,5911
12531,2987
12550,2397
12553,2318
1509,616
12529,3059
12538,2779
12545,2562
2007,1565
12536,2852
12558,2171
12532,2971
12529,3067
12555,2261
12545,2571
2007,1572
12550,2416
12576,1609
12535,2891
12550,2426
12535,2890
12535,2893
12532,2980
12557,2206
12531,3023
1509,636
12530,3053
12532,2993
12569,1846
12537,2832
12531,3018
12531,3021
12535,2897
12544,2617
12555,2276
12552,2380
12539,2783
12550,2442
12535,2906
12532,3002
12542,2686
1509,648
12542,2685
12531,3028
12536,2873
12542,2687
12558,2201
12533,2973
12568,1887
12550,2448
12541,2727
2007,1604
12534,2943
12534,2954
12550,2458
12541,2738
12531,3042
12544,2642
12534,2951
12538,2838
12536,2900
12531,3054
12535,2933
12532,3025
12535,2927
12550,2462
12531,3053
12534,2960
12568,1906
12534,2959
12532,3021
12548,2536
12537,2877
12534,2969
12548,2538
12535,2940
12535,2935
12536,2903
12536,2915
12556,2297
12534,2973
12545,2632
12532,3038
12532,3037
12559,2200
12563,2087
12532,3047
12536,2923
12568,1933
12537,2891
12535,2959
12541,2775
12548,2557
12546,2619
12552,2444
12581,1545
12532,3063
12538,2877
12533,3032
1515,525
12535,2967
12537,2905
12540,2826
12536,2944
12550,2510
12550,2512
12535,2977
12544,2697
12533,3048
12545,2679
12537,2927
2007,1673
12559,2238
12533,3047
12535,2984
12534,3026
12535,2994
12580,1599
12548,2591
12541,2811
12549,2563
12570,1912
12535,2991
12536,2971
12550,2537
12535,3005
12534,3035
12535,2999
12550,2534
12533,3060
12550,2535
12570,1928
12555,2387
12554,2417
12548,2606
12535,3008
12536,2977
12550,2543
12574,1812
12535,3020
12580,1620
12533,3076
12534,3058
12550,2561
12550,2564
1515,580
12541,2836
12559,2278
12573,1846
12550,2570
12544,2752
12570,1945
12578,1697
1509,779
12544,2753
12541,2858
12537,2982
12537,2977
12541,2852
12568,2017
12536,3020
12581,1620
12535,3046
12552,2531
12554,2469
12570,1973
12535,3061
12552,2528
12541,2868
12538,2963
12570,1984
2007,1753
12570,1983
12554,2474
12541,2879
12540,2909
12550,2612
12544,2797
12570,1991
12536,3051
1515,636
12537,3031
12544,2810
12557,2417
12574,1892
12578,1768
12540,2945
12551,2599
2007,1789
12570,2021
12545,2794
12551,2620
12543,2863
12550,2645
12545,2803
12551,2629
12544,2845
1509,867
12557,2449
12542,2915
12555,2509
1523,443
12581,1715
12543,2892
12550,2675
1509,879
12539,3012
12547,2777
12540,2994
12539,3025
12570,2057
12573,1972
12549,2729
12542,2944
12539,3047
12561,2372
12544,2895
12541,2991
12551,2681
12570,2091
12550,2724
2007,1872
12545,2878
12550,2717
12552,2657
12541,3005
12550,2728
12552,2666
2007,1887
12551,2706
12550,2740
12550,2748
12577,1911
12544,2939
1509,958
12544,2936
2007,1906
12514,3873
12573,2047
2409,5839
12570,2139
12541,3048
12570,2149
12567,2245
2007,1920
12555,2616
12548,2830
12550,2767
12548,2843
12541,3060
12558,2547
12550,2789
12573,2076
2007,1949
12541,3070
1515,818
12548,2865
1509,1008
12550,2797
12541,3076
12570,2191
12588,1633
12549,2836
12570,2185
12552,2743
12550,2808
1509,1020
1511,958
12550,2820
12555,2660
12543,3043
12560,2518
12567,2300
12551,2796
12545,2976
2007,1981
12550,2835
12550,2842
12570,2222
12544,3027
12545,2998
12570,2223
12550,2838
12543,3067
12578,1984
12554,2722
12568,2287
12569,2256
2007,2004
12581,1887
12551,2827
12578,1985
12548,2917
12474,5211
12581,1906
12550,2867
12544,3053
1515,886
12550,2869
12474,5225
12474,5227
12550,2881
12548,2953
12474,5254
12558,2652
12556,2713
12581,1933
12548,2977
12550,2915
12548,2971
12570,2291
12545,3079
12568,2368
12553,2832
12555,2783
12572,2252
12550,2944
12559,2664
12548,3014
12553,2858
12551,2932
12577,2126
12562,2591
1509,1169
2007,2119
12574,2225
12553,2879
12474,5322
12558,2719
12581,2017
12474,5335
12548,3037
12555,2833
12580,2058
12579,2082
12555,2829
12578,2116
12558,2748
12557,2779
12554,2868
12570,2384
12474,5355
12548,3074
12558,2764
12550,3012
12549,3048
12551,2989
1530,573
12548,3075
12567,2499
12550,3025
2007,2183
12559,2757
1833,7579
12549,3060
1833,7583
12567,2516
12558,2789
12580,2122
12551,3021
12574,2307
12556,2860
12581,2087
12580,2130
12559,2781
12577,2229
12556,2882
12474,5417
12581,2102
12573,2357
12552,3019
2007,2232
12555,2935
12554,2965
12559,2819
12558,2850
12525,3873
12581,2138
2007,2253
2007,2255
12583,2078
2007,2266
12578,2254
12559,2843
12474,5479
12574,2379
12564,2684
12585,2033
12474,5476
12556,2934
12556,2943
12574,2388
2007,2284
12577,2296
12563,2733
12553,3048
12555,2986
1515,1169
12568,2596
12555,2996
1530,717
12586,2044
12553,3076
12563,2769
12591,1901
12474,5524
12573,2466
2007,2329
12474,5530
12560,2873
12560,2885
