netflix_genres_1,netflix_genres_2
2827,1515
1762,1761
2034,1525
2027,1749
2563,1525
2555,1777
2299,1525
2019,2018
2564,1509
2033,1589
2297,1598
1771,1525
2827,1559
2284,2007
2300,1515
1770,1566
1816,141
2563,1561
2296,1645
2829,1509
1772,1509
2345,141
2301,1509
1772,1530
2037,1509
2565,1525
2564,1559
1772,1536
1773,1509
1773,1511
1772,1543
2300,1561
2300,1568
2346,141
2612,90
2559,1732
2302,1509
2302,1511
1760,1930
2566,1530
1774,1509
1774,1511
2567,1509
1774,1515
2820,1857
1510,1509
2567,1511
2038,1525
2301,1566
2567,1523
453,1521
2825,1720
1773,1566
1819,141
2566,1566
2568,1509
2302,1566
2568,1511
2037,1591
949,2550
2039,1530
1510,1547
1775,1525
2304,1509
2039,1536
2039,1541
2039,1543
2565,1623
2303,1561
1556,141
2299,1685
2569,1509
1512,1509
2040,1525
1512,1511
719,1521
1776,1530
455,1521
2041,1509
1512,1523
2305,1518
2878,141
2830,1631
2569,1530
1776,1541
2834,1511
1776,1543
2041,1525
1513,1509
2570,1509
2304,1566
2570,1511
2038,1623
2306,1509
2306,1511
2035,1720
2042,1509
1514,1509
1514,1511
1770,1769
1775,1623
457,1521
2835,1530
2043,1509
2303,1643
2043,1511
2305,1585
457,1528
2571,1530
1513,1561
2307,1525
1779,1509
1779,1511
1512,1598
2616,141
2033,1833
1514,1547
2308,1509
2836,1525
2881,141
2044,1511
1514,1566
2832,1667
2044,1525
2833,1645
2044,1530
723,1521
2309,1509
1516,1515
1778,1585
2309,1511
455,1643
2045,1509
2308,1547
2045,1511
1779,1566
2044,1543
2302,1739
2573,1530
1781,1515
2573,1543
2574,1511
1503,1947
2834,1645
1517,1515
2838,1523
1780,1561
2310,1515
2046,1511
1516,1561
2310,1525
1562,141
1774,1761
1516,1568
2311,1509
2837,1589
1782,1525
2839,1530
2047,1509
2839,1536
2575,1530
1783,1509
2575,1536
2840,1515
1517,1571
2576,1515
1519,1518
2572,1645
2311,1547
1828,141
2312,1525
1520,1509
2841,1518
1520,1511
2831,1833
2046,1591
2093,141
2047,1566
2049,1509
2049,1511
2825,2032
2313,1525
2842,1509
1785,1509
2574,1625
2842,1511
2305,1777
2622,141
1519,1576
2314,1509
464,1521
1519,1585
2578,1530
1785,1536
2576,1598
2578,1536
2046,1643
2313,1561
2048,1585
1522,1509
1522,1511
2574,1667
2578,1543
2579,1515
1786,1523
2529,3073
1778,1777
1522,1530
201,1521
2315,1525
1787,1509
1787,1511
1567,141
1522,1543
2360,141
2050,1559
2580,1515
1786,1559
2035,2032
2316,1515
1783,1655
2580,1525
1786,1566
1787,1536
1259,1521
1788,1509
1788,1511
1259,1528
2844,1547
1524,1509
2845,1518
2311,1693
1524,1523
2558,2239
2843,1598
203,1521
2846,1509
2051,1581
2846,1511
2843,1611
1835,92
464,1637
2846,1523
2043,1845
1789,1530
1767,2217
455,1930
2847,1509
1790,1509
1789,1541
1524,1566
2318,1530
2583,1509
2846,1547
2583,1511
1786,1643
2318,1536
2581,1576
2051,1625
2824,2239
2318,1541
1789,1559
2318,1543
2583,1523
1526,1525
1784,1720
2845,1598
1791,1511
2577,1720
2320,1509
2848,1525
2052,1625
2320,1511
2056,1509
2584,1525
1519,1777
2632,41
2055,1547
1792,1509
1792,1511
2048,1777
2321,1509
471,1521
2052,1667
2585,1530
207,1521
1793,1509
2850,1509
2056,1547
1572,170
1000,1521
2320,1566
2056,1559
736,1521
2057,1530
2057,1536
1529,1521
2102,141
2322,1515
2057,1541
2586,1525
2057,1543
1783,1845
1529,1528
2835,2007
2851,1511
722,1980
2571,2007
2051,1744
2323,1509
1794,1525
2323,1511
2587,1525
2059,1515
209,1521
2852,1509
2059,1525
2588,1509
1791,1645
1795,1525
1794,1557
2058,1571
1531,1530
1796,1509
2324,1525
2633,141
2311,1930
1577,110
1531,1536
2589,1509
1532,1509
2589,1511
2060,1525
2322,1598
2323,1566
2325,1509
2588,1547
1795,1561
2851,1598
1532,1536
2061,1525
1533,1509
2318,1749
1797,1525
2853,1559
2107,110
2062,1509
1796,1566
1527,1720
1578,141
2590,1541
2062,1530
2327,1515
2063,1509
1794,1655
213,1515
1534,1525
2062,1541
2062,1543
2058,1667
2056,1739
1535,1509
2317,1845
1799,1521
1535,1515
2328,1509
2855,1559
2328,1511
2108,141
2592,1530
2857,1509
2064,1525
2326,1598
1784,2032
215,1521
2577,2032
1801,1515
2329,1530
1537,1509
2594,1525
2903,141
1537,1530
1534,1623
2639,141
1537,1536
2330,1530
2859,1518
1538,1511
1537,1543
2831,2395
217,1509
2553,2822
1801,1559
2067,1511
2067,1515
2331,1523
1803,1509
2593,1598
1539,1509
1539,1511
2856,1645
1796,1739
2063,1655
2064,1623
2332,1511
482,1521
2378,92
2595,1559
1801,1598
2596,1530
1848,141
1539,1536
1803,1547
1540,1509
2068,1525
1540,1511
2596,1543
2861,1525
213,1693
1804,1525
2597,1525
1803,1566
1802,1598
219,1521
1805,1509
2575,2217
1789,2007
2862,1515
2069,1525
215,1655
748,1521
2591,1732
2598,1515
2862,1525
1804,1561
2860,1598
1806,1509
2858,1667
2863,1515
2070,1523
2599,1515
2335,1509
2114,170
1805,1559
2330,1667
2331,1643
2582,2053
221,1521
1542,1530
2644,141
1542,1536
2334,1561
1519,2251
2071,1525
1542,1541
2054,2053
1542,1543
2336,1509
1539,1643
2336,1511
2335,1547
1805,1598
2600,1530
2865,1509
2865,1511
1808,1509
1527,2032
2601,1509
2601,1511
2072,1525
1799,1798
2337,1509
2073,1509
2073,1511
1544,1530
1809,1511
2336,1566
1544,1543
1809,1523
219,1663
2338,1509
1808,1561
1545,1525
2074,1509
1808,1566
2074,1511
1854,141
2867,1509
1545,1530
224,1521
2867,1511
1810,1509
2070,1643
2601,1566
1535,1845
1809,1547
1545,1543
2603,1515
2649,90
2073,1566
2866,1561
489,1521
2075,1509
1806,1655
1546,1525
1809,1566
2602,1561
2868,1509
2868,1511
2868,1515
1811,1515
2338,1566
2072,1623
2340,1509
2076,1509
2604,1525
2603,1561
2869,1509
2075,1547
226,1521
2603,1568
1548,1509
1812,1525
2076,1536
722,2550
1020,1509
1811,1568
1799,1947
1549,1509
1549,1511
1548,1547
1813,1525
2870,1530
2606,1523
2605,1559
2870,1536
228,1521
1593,170
1548,1566
2342,1530
1594,141
1550,1509
2871,1525
2606,1547
2342,1541
1814,1530
2607,1525
1814,1536
2341,1585
1549,1566
1815,1515
2872,1515
1550,1541
2343,1536
758,1521
1550,1547
2872,1525
2124,141
1815,1536
2608,1530
1551,1530
2873,1509
2344,1530
217,1930
2609,1509
1551,1541
2329,2007
1816,1530
1552,1525
2345,1525
2874,1509
1817,1509
1816,1541
2874,1511
1817,1511
1816,1543
1546,1732
2346,1509
2346,1511
1808,1807
2126,141
496,1521
1020,1663
2082,1509
1862,141
2610,1530
2128,90
2344,1585
1818,1509
2654,170
2875,1511
1806,1883
1818,1511
2345,1561
2065,2053
1553,1541
2347,1515
2083,1509
2083,1511
1817,1566
1818,1536
2079,1643
2656,141
1812,1732
1555,1509
1555,1511
2343,1667
2083,1536
498,1521
1819,1530
2084,1509
2611,1559
2084,1511
2393,127
1552,1623
234,1521
2080,1643
2613,1509
2084,1523
1556,1509
1556,1511
763,1521
2347,1568
1555,1547
2083,1566
2349,1515
1549,1739
1556,1523
1555,1554
2084,1547
1555,1566
2341,1777
1821,1515
2074,1867
2085,1530
1556,1547
236,1509
1820,1559
236,1511
2085,1541
1814,1749
2614,1525
236,1521
1822,1509
1822,1511
1556,1566
2350,1530
2615,1509
1558,1509
2876,1611
2086,1525
2875,1645
2350,1541
2350,1543
1820,1598
2086,1547
2087,1525
2087,1530
2352,1511
2880,1530
2132,141
2088,1509
2087,1543
1558,1557
2088,1511
1823,1536
2661,135
238,1521
1558,1566
2344,1777
1870,92
2397,141
2881,1523
2617,1515
2133,141
1824,1530
2614,1623
2353,1525
2610,1749
1824,1541
2877,1667
226,1930
2089,1525
504,1511
2348,1693
2354,1509
240,1509
2088,1566
2854,2395
504,1521
2090,1509
2618,1525
1560,1559
2883,1509
2351,1623
1033,1521
2617,1568
1562,1509
1562,1511
2352,1598
236,1663
1826,1525
1816,1836
1558,1655
2879,1667
1607,141
1563,1509
1563,1511
2081,1836
2620,1515
2090,1561
1827,1525
2884,1525
1804,2239
2090,1566
2616,1645
506,1521
2619,1559
242,1521
1562,1561
1828,1509
2339,2053
1823,1667
2621,1511
1564,1509
2355,1568
1563,1547
2357,1511
2885,1530
2093,1509
2093,1511
1818,1845
2620,1559
1829,1509
2870,2007
1828,1547
2622,1509
1565,1509
2622,1511
2402,141
2357,1536
2886,1525
2358,1509
2358,1511
504,1643
2138,141
2358,1515
2885,1566
2621,1561
1565,1530
244,1521
1830,1509
1610,141
1829,1547
504,1663
2094,1530
240,1663
2094,1536
2093,1566
2623,1525
1875,141
2094,1543
2095,1515
1831,1509
1830,1541
2359,1530
2095,1525
1567,1509
1567,1511
2888,1521
2359,1541
2359,1543
2091,1667
1876,141
2889,1509
2334,2333
1567,1547
2621,1645
2356,1667
1808,2272
2140,176
2625,1525
232,1980
1831,1566
2092,1667
1831,1568
2361,1525
1567,1566
234,1930
2670,141
2608,2066
2097,1525
2626,1509
2626,1511
1800,2546
2362,1509
2890,1525
2362,1511
248,1521
2624,1598
232,2024
2627,1509
2098,1523
2627,1511
2887,1645
2095,1623
2363,1509
2891,1525
1570,1530
1569,1568
2628,1511
1570,1543
2364,1509
2098,1566
2364,1511
2628,1523
2360,1645
250,1521
2100,1515
779,1509
2096,1643
1826,1825
2100,1525
2099,1561
2629,1515
2341,2251
1832,1645
2893,1525
2365,1511
763,2024
2085,2007
2892,1568
1834,1598
1572,1530
2894,1511
1837,1511
2101,1530
1572,1547
2366,1509
1837,1530
1573,1523
252,1515
2629,1559
2630,1530
252,1521
2630,1536
2675,141
1837,1543
2895,1515
2366,1530
2631,1509
1572,1571
2102,1530
2367,1509
2147,141
2894,1559
2366,1543
1838,1530
2103,1509
1574,1525
2102,1541
2102,1543
1838,1536
1573,1559
1839,1509
2896,1511
1575,1511
2365,1598
2896,1530
2367,1547
2361,1732
1565,1836
254,1521
2368,1530
2633,1511
2897,1525
1840,1525
2105,1509
2105,1511
1575,1561
2898,1509
1841,1509
1621,141
2414,141
784,1521
2634,1515
2105,1530
2345,2285
2370,1515
2337,2541
2634,1525
2943,141
2105,1543
2106,1511
1577,1530
2899,1509
779,1693
1842,1509
2369,1559
256,1525
2635,1509
1831,1857
2366,1655
1578,1509
252,1655
2635,1511
1578,1511
2106,1530
252,1663
2897,1598
2944,141
2106,1543
2882,2066
1314,1521
2371,1525
1843,1509
2107,1518
2900,1511
1577,1576
786,1521
2636,1515
2900,1523
252,1693
2372,1509
1579,1518
1840,1623
1842,1561
522,1521
2108,1509
258,1521
2901,1509
2901,1511
2104,1645
2637,1509
2897,1643
1580,1509
2373,1509
1834,1833
1843,1561
2109,1511
2900,1566
2107,1576
248,1867
1565,2007
2418,141
788,1521
2108,1566
2902,1530
1844,1561
2110,1509
260,1521
1842,1631
2373,1561
2374,1530
2639,1509
2639,1511
2638,1541
2374,1536
2903,1523
256,1663
2374,1541
2374,1543
2109,1566
2111,1509
2111,1511
1847,1509
2904,1509
1627,141
2900,1643
2370,1693
2110,1561
1837,1836
2376,1518
1892,141
262,1521
2112,1515
2685,141
2641,1509
2089,2239
2421,141
2422,110
2905,1525
1847,1557
1582,1581
2111,1566
1584,1525
2641,1530
2640,1561
1583,1561
2906,1509
2641,1536
2641,1543
2375,1598
2112,1561
779,1930
2113,1536
1849,1530
2376,1585
1850,1509
2368,1836
1849,1541
1850,1511
2377,1561
2907,1515
573,141
2864,2849
2638,1667
2159,141
2643,1525
1562,2272
1848,1598
2115,1515
2642,1561
265,1521
2379,1525
1851,1509
1850,1541
252,1930
2115,1525
1587,1525
2114,1571
2909,1509
2426,97
1852,1509
1852,1511
2645,1511
1588,1509
2116,1525
1572,2007
1588,1511
2381,1515
1852,1530
1586,1585
1897,141
1852,1543
2380,1559
1853,1525
2382,1509
2118,1509
2113,1667
1582,1744
2118,1511
1854,1509
1854,1511
2379,1623
2429,75
2647,1511
2427,141
2163,141
2108,1845
2911,1530
2910,1561
1847,1749
2101,2066
269,1521
2647,1530
2383,1525
2912,1509
2912,1511
2647,1536
1855,1515
2647,1543
2908,1643
1851,1645
2644,1645
2120,1509
2957,141
2648,1530
1838,2066
2646,1598
2376,1777
1856,1515
2381,1625
1592,1511
2385,1509
2385,1511
2384,1541
2649,1518
1853,1623
2121,1509
2912,1566
1846,1845
1590,1589
2381,1645
1588,1663
2432,75
1593,1511
800,1521
2121,1530
2914,1525
2913,1559
2166,141
2121,1536
536,1521
2386,1518
2121,1543
1835,2217
2915,1509
2122,1515
2915,1511
1858,1515
1594,1511
2651,1515
2387,1509
2913,1598
1592,1591
2123,1515
2116,1732
273,1521
2386,1559
2432,135
1595,1509
1593,1571
2168,141
538,1521
1903,170
2651,1559
2915,1566
1904,141
2124,1515
1860,1511
1853,1732
2437,12
2917,1523
2122,1598
2384,1667
2123,1568
1860,1530
1858,1598
2125,1515
2652,1561
275,1521
2918,1509
1595,1566
1860,1543
2698,141
1583,1941
2125,1525
1640,176
2390,1509
2916,1598
1596,1559
2919,1509
1597,1530
1862,1509
2653,1568
2655,1511
2126,1525
1597,1543
1851,1867
2622,2541
1597,1559
1861,1568
2920,1509
2391,1530
2388,1623
2127,1525
2654,1571
2391,1536
1859,1645
806,1521
2391,1541
1863,1525
1862,1557
2391,1543
2920,1530
2919,1561
1862,1566
2656,1530
2921,1509
2921,1511
2392,1530
1864,1515
2920,1547
1600,1509
1600,1511
2656,1543
2657,1515
2656,1547
275,1637
2922,1509
1865,1509
1865,1511
1860,1667
2921,1547
2129,1525
2658,1509
2658,1511
544,1521
2393,1547
1865,1536
1601,1530
2923,1509
2394,1525
1600,1566
1599,1598
1646,141
1073,1521
2922,1547
1601,1541
1601,1543
2655,1645
2388,1732
1866,1530
2131,1509
2659,1525
1862,1655
2131,1511
1864,1598
1602,1530
281,1521
1602,1536
2129,1598
2650,1833
1603,1525
2132,1509
2660,1525
2132,1511
1868,1509
1868,1511
2397,1509
2397,1511
547,1521
2924,1561
2133,1511
2925,1536
1340,1521
1604,1530
2925,1541
2926,1509
2926,1511
1869,1511
2133,1525
2662,1509
2662,1511
1604,1543
1651,89
1604,1547
2398,1509
2130,1625
2658,1643
2398,1511
1868,1566
1870,1509
1870,1511
2645,2066
1606,1509
2397,1566
2133,1561
2134,1530
2927,1525
1870,1523
2134,1536
2179,141
2133,1566
2663,1525
2119,2007
2399,1523
2389,1833
285,1521
2928,1509
1605,1566
1871,1515
2133,1591
2135,1530
1606,1547
2135,1536
2973,141
1916,141
2396,1645
1607,1530
1606,1561
2393,1745
2664,1541
2378,2217
2136,1530
2929,1525
2136,1536
1608,1525
2137,1511
2928,1566
2401,1518
2664,1559
1872,1536
1871,1568
1344,1521
287,1521
2401,1525
2391,1836
1872,1547
1609,1509
2400,1568
2118,2117
2446,141
2399,1598
1869,1645
2666,1515
2402,1511
2930,1530
1873,1530
552,1521
2138,1511
1873,1543
1564,2931
1586,2251
2667,1509
2667,1511
2138,1530
2403,1509
2403,1511
1874,1525
1610,1525
1919,141
2138,1543
2663,1655
289,1521
1875,1509
2185,92
1875,1511
818,1515
2667,1547
2139,1530
2137,1598
2139,1536
2404,1515
2139,1541
2139,1543
2933,1509
2669,1509
804,1980
2403,1566
1876,1525
2141,1515
291,1521
1877,1509
1877,1511
2668,1568
2141,1525
1613,1509
2134,1744
1922,127
2134,1749
2406,1509
2670,1521
277,1980
2670,1528
1340,1798
2935,1509
2671,1509
1878,1515
1614,1509
2142,1525
2404,1598
2405,1568
1614,1515
557,1521
1877,1566
1612,1598
2936,1515
2143,1525
1615,1509
2397,1845
1590,2285
2406,1566
2656,2007
1615,1511
2932,1643
2452,141
2142,1561
2408,1509
1612,1611
2408,1511
2144,1509
2144,1511
1878,1568
2937,1511
2649,2251
2673,1511
2407,1568
1616,1515
1880,1525
2142,1598
1615,1559
2718,141
2674,1509
2408,1566
2410,1509
2938,1525
1881,1525
2144,1566
334,334
1617,1525
2674,1530
2719,141
2939,1515
2675,1509
2675,1511
2146,1525
2674,1543
2145,1561
2411,1511
2140,1720
1882,1525
2136,1845
1863,2117
1340,1947
2665,1833
561,1521
1618,1525
2937,1598
2411,1530
1879,1643
2411,1536
2147,1530
2940,1525
1619,1525
2148,1515
1884,1509
1884,1511
2941,1515
285,1930
1604,2007
1620,1515
2413,1509
563,1521
1613,1739
2677,1525
2676,1559
1619,1561
1620,1530
2942,1509
1885,1511
2678,1509
1621,1509
1621,1511
1620,1543
2198,12
2148,1568
300,1521
1886,1509
1344,1930
2412,1589
2414,1530
1622,1509
2150,1525
2149,1559
1621,1547
2151,1509
2941,1598
2679,1530
2944,1509
1887,1509
1666,170
2944,1511
1621,1566
1094,1521
2664,2007
2150,1561
2416,1509
2416,1511
2128,2251
1886,1566
302,1521
2945,1509
1888,1509
1872,2007
1888,1511
289,1930
1887,1547
2151,1557
2152,1525
2681,1515
2417,1515
2153,1509
2416,1547
2944,1566
1624,1525
2680,1559
2417,1525
1620,1667
2946,1525
2418,1509
1889,1530
1890,1509
1889,1541
1890,1511
1885,1667
2683,1509
2154,1525
2413,1693
2199,141
2660,2239
2155,1515
2682,1561
2661,2217
1671,141
1627,1509
2151,1655
2947,1559
2420,1511
2948,1530
2948,1536
1890,1566
2156,1511
1624,1623
1627,1530
2948,1541
2420,1525
2419,1561
1672,141
2685,1511
1627,1543
2419,1568
556,1980
1892,1525
2140,2032
1891,1559
2946,1623
2155,1568
1937,141
1364,1521
1628,1530
1893,1509
1936,176
2686,1509
2420,1566
2686,1511
2416,1693
2408,1941
2950,1525
2460,334
1893,1530
2422,1515
1629,1525
556,2024
1626,1625
1893,1541
1893,1543
1101,1521
1630,1509
2687,1511
2951,1518
2157,1559
2156,1591
2684,1611
2203,141
1626,1645
2687,1523
573,1521
1894,1536
2949,1598
573,1528
2934,2066
309,1521
2423,1525
2952,1509
1895,1511
1629,1566
2685,1598
2158,1559
1894,1559
1147,141
2423,1547
295,1980
2688,1525
1940,141
2160,1515
1896,1509
2424,1525
1884,1883
1630,1566
2396,2395
1676,141
2689,1511
2160,1525
2425,1509
2156,1655
2425,1511
2689,1525
1632,1523
2161,1509
311,1515
2421,1645
2998,141
2688,1561
2687,1598
1629,1631
1633,1509
1633,1511
2470,141
2954,1525
2426,1509
1897,1530
2162,1509
2690,1525
2162,1511
2161,1547
1632,1561
1898,1509
2413,1930
1898,1515
1634,1509
1634,1511
2427,1509
2955,1525
2426,1547
2147,2007
2690,1559
1634,1530
1678,170
1679,141
2163,1525
1635,1509
573,1663
1634,1541
1635,1511
1634,1543
2425,1598
2153,1845
2208,141
2427,1547
2692,1525
1371,1521
1882,2066
1943,176
1900,1509
1900,1511
1633,1598
2428,1530
1107,1521
2693,1509
1632,1631
1636,1515
1635,1547
2428,1541
2209,141
2428,1543
1899,1559
2956,1559
2165,1509
1636,1525
2416,1930
2958,1511
1681,141
2691,1598
2429,1530
2694,1509
2161,1655
1901,1525
311,1663
2473,176
2164,1566
1633,1643
2430,1515
1900,1566
2959,1509
1896,1693
2430,1525
1638,1509
2166,1530
2164,1591
2415,2007
2166,1536
1902,1530
2740,127
2695,1525
1902,1536
317,1521
1887,2007
2960,1511
2953,1732
1635,1631
2431,1530
2414,2066
2212,141
582,1521
1903,1530
2961,1509
1904,1509
1904,1511
2961,1515
1638,1571
2433,1509
2169,1511
2693,1655
319,1521
1903,1571
1904,1547
1641,1509
1641,1511
2433,1536
2168,1561
2693,1685
1905,1536
1641,1530
1906,1509
1905,1541
2696,1598
2434,1530
2697,1568
2699,1509
2430,1655
1642,1509
2699,1511
2170,1525
2169,1559
1642,1511
1641,1543
2963,1525
1906,1530
2171,1515
2699,1530
1641,1561
2435,1525
1907,1509
1906,1543
1687,141
1906,1547
2699,1543
2480,141
2962,1585
2964,1525
2435,1547
2677,2239
2172,1509
2700,1525
2167,1667
2172,1511
2218,92
2130,2822
2412,2272
836,1980
1640,1639
2173,1509
2701,1525
1907,1566
2966,1509
2130,2849
1364,2024
2436,1559
1909,1525
2965,1559
1896,1930
1908,1559
2702,1525
2967,1509
324,1521
1910,1509
2438,1525
1905,1667
2436,1598
1646,1511
2698,1667
2410,2409
2219,141
2172,1598
2703,1525
2175,1509
2439,1521
1910,1536
1640,1720
2747,176
2704,1509
2174,1559
1647,1525
326,1521
1644,1623
2440,1525
2969,1515
2176,1525
2705,1515
2441,1509
2441,1511
2174,1598
1644,1643
1909,1623
1912,1530
591,1521
2968,1568
1957,141
1912,1536
2441,1523
2177,1515
1912,1543
2970,1515
1913,1515
1649,1509
1649,1511
2706,1515
2442,1509
2442,1511
2178,1509
2178,1511
1648,1561
2707,1509
2707,1511
1650,1511
2443,1509
2443,1511
1646,1645
2179,1509
2179,1511
1958,170
2706,1559
1650,1530
329,1521
2178,1547
2972,1509
1649,1566
2705,1598
1914,1547
2708,1509
1651,1509
2488,141
1911,1645
1915,1525
2178,1566
1913,1591
2444,1515
2708,1525
2971,1566
2180,1511
1650,1559
1641,1845
1123,1521
1652,1509
2709,1515
2973,1525
2177,1625
2708,1547
1651,1547
1916,1525
595,1521
2181,1515
331,1521
2445,1525
1912,1667
2444,1559
1917,1525
1649,1643
2182,1509
2442,1643
1652,1566
319,1930
2711,1509
1918,1515
2178,1655
582,1980
2493,90
1653,1559
2447,1525
1919,1509
1919,1511
847,1980
2183,1530
2448,1511
2976,1530
1918,1559
2181,1598
2712,1525
2974,1598
1654,1559
334,1521
2184,1515
2180,1643
2445,1623
1656,1509
599,1509
1656,1511
599,1511
2449,1509
2977,1525
2449,1515
1920,1530
331,1637
2185,1515
1921,1509
2758,141
2713,1541
2446,1625
2450,1509
2450,1511
2978,1530
2186,1509
1657,1525
1656,1557
2978,1536
2977,1566
1921,1536
2186,1515
1921,1541
1906,2007
2715,1509
1658,1509
2710,1667
2979,1525
2446,1667
2187,1509
322,1980
2451,1525
1703,141
1923,1515
2716,1509
1659,1509
1659,1511
2716,1511
1923,1525
2452,1511
2232,141
2448,1643
1924,1509
2715,1566
2717,1509
1660,1509
2439,1947
2189,1515
1656,1655
2714,1625
648,141
2182,1739
2982,1515
599,1663
2718,1511
1661,1515
2454,1509
2981,1561
604,1521
2190,1509
2190,1511
1924,1566
1970,141
1661,1530
1656,1685
2437,2053
2451,1623
2719,1509
2719,1511
2714,1667
2432,2217
2189,1561
869,1521
2455,1509
1925,1559
2189,1568
1662,1525
1924,1598
341,1521
2190,1547
2984,1509
2720,1509
2980,1643
1927,1521
2191,1530
2190,1566
2456,1511
2455,1547
2452,1645
1662,1566
1885,2849
1664,1509
1925,1611
1664,1511
2168,2272
1924,1643
2455,1566
2985,1525
1926,1585
2457,1511
2237,141
1928,1530
2193,1509
2978,1749
2193,1511
2192,1541
2192,1543
2962,2251
1660,1655
1929,1509
1709,141
1664,1541
1665,1515
2458,1509
2986,1525
1922,1745
2718,1645
1658,1739
1652,1930
1924,1693
1710,141
2457,1561
2721,1568
1660,1693
1976,90
1929,1547
1666,1511
2723,1521
2458,1547
2722,1559
1665,1559
2188,1732
1931,1509
2983,1667
1931,1511
2768,141
2724,1509
2724,1511
1713,90
2987,1559
2988,1530
2240,141
2460,1525
1666,1566
2989,1515
1666,1571
1656,1883
2195,1559
2461,1511
1664,1643
2197,1511
1931,1566
2461,1523
347,1521
2990,1509
1713,141
2460,1561
1669,1509
2186,1867
1669,1511
2459,1598
2462,1509
1933,1525
2196,1566
2462,1511
1933,1530
2461,1547
2726,1525
2725,1559
1933,1541
2724,1598
1933,1543
2194,1643
877,1521
2991,1525
1669,1547
1926,1777
1934,1530
2727,1525
2183,2007
1934,1536
349,1521
2198,1547
1934,1541
1934,1543
2772,141
1670,1536
1935,1515
1671,1509
2728,1509
1932,1611
1935,1525
2197,1598
879,1509
1920,2007
1672,1509
1672,1511
2462,1598
1660,1883
2992,1559
2993,1530
2729,1525
2201,1509
2201,1511
2993,1541
2994,1509
1937,1511
1662,1845
879,1547
616,1509
1668,1667
2464,1568
2200,1559
2730,1515
1924,1930
2199,1598
2466,1518
2202,1509
879,1566
2511,127
1673,1530
1669,1655
2429,2672
2465,1561
1938,1515
1673,1541
2460,1732
2731,1525
2203,1509
2203,1511
2708,2239
1937,1566
604,1930
1939,1509
1939,1511
2466,1559
2467,1530
1675,1509
882,1521
2996,1525
2463,1667
2204,1509
1938,1568
1940,1509
2468,1525
2730,1598
2997,1515
1147,1521
616,1598
2204,1530
1147,1528
2729,1645
2732,1559
2204,1543
1676,1530
1675,1561
2733,1530
2469,1525
879,1663
1927,1947
2733,1536
2733,1543
1676,1541
1676,1543
2470,1509
2470,1511
2994,1655
2252,90
2206,1515
2196,1825
1674,1625
1942,1509
2999,1515
1722,141
1149,1521
1721,176
2206,1525
2204,1591
621,1521
2735,1525
1936,1720
1677,1561
2734,1561
2696,2739
357,1521
1677,1568
616,1693
2207,1525
1674,1667
2516,141
3000,1525
2185,2217
1679,1525
2736,1525
2208,1515
1943,1547
1678,1571
1680,1509
1680,1511
2470,1598
2205,1623
3001,1525
1944,1525
2209,1509
1680,1523
2209,1511
359,1521
3002,1509
2995,1732
1681,1509
2727,1867
2738,1525
2256,92
2474,1525
1726,141
2210,1530
2207,1623
1682,1515
1946,1525
2210,1536
2208,1598
2426,3033
2784,127
3003,1530
1682,1525
2210,1541
2211,1515
361,1521
3003,1541
2257,90
1681,1566
621,1663
2520,141
3004,1525
2212,1511
2472,1645
1683,1530
1948,1509
2476,1525
1948,1511
1683,1536
2741,1509
2212,1523
1684,1515
627,1521
1945,1625
1684,1525
2981,2285
2740,1566
1682,1598
2786,141
2213,1525
2742,1509
2478,1509
2478,1511
1949,1530
1943,1720
1926,2251
3007,1509
1950,1509
1945,1667
1949,1547
1686,1509
1686,1511
2743,1515
2214,1530
2211,1625
2214,1536
3005,1591
3006,1561
2215,1509
2215,1511
2214,1541
2475,1645
2214,1543
1950,1541
2211,1645
1951,1515
1687,1509
1687,1511
2198,2053
2473,1720
2477,1598
3008,1525
366,1515
2216,1509
2744,1525
2215,1547
1952,1509
2479,1559
1159,1521
2481,1509
2261,141
3009,1530
2745,1525
1688,1523
1936,2032
2471,1833
1951,1568
3009,1541
2216,1547
1673,2007
2000,78
2746,1530
1953,1536
1998,141
3011,1509
1689,1530
368,1521
2482,1525
2746,1536
2746,1541
2527,141
1689,1543
2483,1509
1690,1515
2467,2007
1954,1530
1690,1525
2219,1511
2740,1745
1954,1536
1955,1509
1954,1543
1691,1509
2748,1509
2794,90
370,1521
1686,1685
1942,1941
1691,1530
2454,2453
2484,1525
1736,141
2483,1566
1691,1543
1692,1515
2485,1509
1956,1525
3013,1530
3013,1536
2745,1655
1957,1509
3013,1543
1957,1511
1957,1515
2750,1509
2750,1511
2748,1576
3010,1645
366,1693
2439,2975
2222,1511
372,1521
2001,176
1953,1667
359,1930
1738,141
2485,1561
1692,1568
1689,1667
2751,1515
2222,1530
1694,1515
2487,1509
2487,1511
1957,1557
1958,1530
3014,1561
1694,1525
2222,1541
2749,1591
2222,1543
2003,141
2223,1515
1959,1509
2219,1645
1695,1515
2223,1530
2752,1515
2488,1509
3016,1530
1955,1655
1695,1525
2224,1511
370,1643
2004,141
1943,2032
3015,1568
3017,1509
2224,1515
1958,1571
2224,1525
2487,1566
2753,1515
2489,1509
370,1663
1960,1525
2482,1732
1696,1525
1961,1509
3018,1509
2798,141
2751,1598
1741,141
2225,1525
1697,1509
2754,1509
2754,1511
2534,141
2473,2032
372,1637
2490,1515
1696,1557
2486,1643
2006,141
1697,1530
1962,1509
1742,141
1962,1515
2755,1509
2755,1511
1698,1509
1698,1511
1697,1543
2226,1536
1963,1509
3020,1509
2227,1521
1743,141
1699,1509
1699,1511
2492,1509
2492,1511
2491,1547
2228,1509
1698,1557
1698,1561
2225,1623
1696,1645
643,1521
1964,1530
2229,1509
1699,1559
1964,1536
1700,1530
379,1521
1949,2007
1964,1543
2802,141
2757,1541
1700,1541
2758,1511
1700,1543
3012,1833
3021,1559
3019,1625
2756,1585
2758,1525
2230,1509
2230,1511
1159,1947
1966,1509
2494,1525
2803,141
1701,1536
2759,1525
2227,1637
2226,1667
1702,1530
1698,1655
3024,1509
1967,1511
1702,1536
2221,1833
1966,1547
1703,1509
1702,1541
2231,1530
2760,1518
2230,1566
3022,1591
1963,1655
2232,1509
1965,1598
1968,1509
2496,1525
1967,1541
1965,1611
1703,1557
2760,1559
2013,141
1969,1509
1697,1749
2232,1547
2233,1525
2762,1509
648,1509
648,1511
2497,1536
3026,1525
2232,1566
2014,141
2543,127
1704,1559
648,1528
1705,1530
2807,141
1705,1536
2498,1536
1701,1667
1705,1543
1970,1523
2235,1509
1706,1525
958,141
2499,1525
1971,1509
3023,1667
1971,1511
2747,2032
2496,1623
2764,1509
1707,1509
1707,1511
2500,1509
1964,1749
1971,1547
2236,1525
3029,1525
1707,1547
2765,1521
651,1521
1972,1530
2237,1509
2237,1511
2016,170
1972,1536
1708,1530
387,1521
2501,1525
3030,1509
1972,1541
2234,1611
1707,1566
2493,1777
2766,1509
2500,1566
1708,1543
2497,1667
3027,1623
1709,1523
2502,1518
1974,1511
648,1663
2503,1509
3031,1525
2503,1511
2498,1667
1974,1530
1710,1525
2234,1667
1974,1536
1975,1509
2766,1566
1975,1511
2502,1559
1711,1511
2238,1559
2768,1515
3032,1525
654,1521
2240,1509
2240,1511
2504,1525
3028,1667
1976,1518
919,1521
2505,1511
2218,2217
2495,1833
2505,1523
2769,1530
1971,1693
1711,1561
3034,1509
1711,1566
2770,1509
1713,1509
1713,1511
2763,1739
1977,1530
656,1521
1713,1523
3079,141
1978,1509
1977,1541
1978,1511
2768,1598
1712,1566
1973,1667
3025,1833
1494,141
2242,1530
1714,1515
3035,1525
1713,1547
2507,1511
2767,1643
2242,1536
2240,1598
2242,1541
2771,1530
1979,1509
1713,1566
2504,1623
1978,1547
2506,1566
2505,1598
654,1637
2243,1530
2508,1509
2243,1536
2221,2220
1978,1566
1715,1530
2816,170
1716,1509
1716,1511
1715,1543
2773,1515
2508,1541
2763,1833
2244,1541
395,1521
2509,1525
3038,1509
1981,1509
1981,1511
1717,1509
2774,1515
2510,1509
2246,1509
2246,1511
3039,1511
1982,1515
1700,2066
1981,1547
2245,1559
2554,176
1982,1525
661,1521
2507,1645
3037,1598
2247,1515
397,1521
3040,1509
3040,1511
1717,1566
2773,1598
1983,1515
1719,1511
3036,1645
2512,1509
2512,1511
383,1980
2232,2007
1718,1559
1982,1568
3041,1509
2777,1509
2248,1525
2513,1511
1971,1930
1976,1777
1984,1530
2738,2737
1984,1536
2513,1523
399,1521
1984,1541
1984,1543
2248,1561
2249,1530
1767,92
2249,1536
2247,1598
1985,1530
2776,1585
2249,1541
1985,1536
2778,1530
651,1930
2514,1525
2823,141
1985,1543
387,1930
3043,1515
2779,1509
2761,2066
1722,1509
2250,1525
2778,1541
1722,1511
2779,1515
2294,170
2295,141
3042,1559
2241,1833
1987,1515
1723,1509
2775,1667
930,1521
1722,1547
3044,1525
919,1867
2296,141
666,1521
1986,1561
2780,1525
2561,127
2252,1518
1988,1509
1988,1511
1723,1536
2781,1509
1987,1559
2253,1509
1724,1525
2253,1511
2517,1525
3046,1509
3045,1547
2253,1523
1988,1547
2825,176
2562,141
2782,1515
1725,1515
2518,1509
2518,1511
2254,1509
2253,1547
1990,1509
2511,1745
1989,1547
1726,1509
1726,1511
933,1521
3047,1525
405,1509
2254,1536
2783,1525
2515,1643
2255,1511
1460,1581
2519,1525
2828,141
1727,1509
1727,1511
2255,1530
1991,1525
3048,1525
2520,1509
1991,1530
2036,141
2255,1547
2780,1655
2035,176
1721,1720
1991,1543
1992,1521
1728,1515
1728,1518
2521,1515
2785,1525
2037,141
1724,1655
1993,1509
1993,1511
2257,1518
1727,1566
3050,1515
2786,1511
3049,1561
2258,1511
3051,1509
408,1521
1994,1509
1994,1511
1773,170
2522,1530
2787,1509
2258,1530
2523,1509
2522,1541
2258,1536
2522,1543
1730,1525
1729,1559
2258,1543
2039,141
2777,1845
1728,1598
3052,1515
1731,1509
1731,1511
2788,1511
2506,2066
1995,1525
2524,1509
405,1663
2524,1511
2260,1509
2787,1561
2788,1530
2259,1547
2524,1525
1460,1744
3053,1515
1996,1515
2789,1509
2260,1530
2259,1561
2525,1509
2525,1511
2261,1509
2261,1511
2260,1543
1997,1509
2779,1845
1997,1511
1981,2007
2259,1591
2570,141
2526,1509
2254,1749
2786,1645
2306,141
2790,1525
2262,1509
1733,1525
2262,1511
2261,1547
1734,1509
2525,1566
2791,1515
457,141
2527,1509
2261,1566
1727,1739
3055,1530
1997,1561
3054,1568
1997,1566
2043,141
1999,1509
1779,141
397,2024
2263,1525
2792,1511
1734,1547
1735,1525
1734,1566
2793,1509
2264,1525
1736,1515
2529,1509
2529,1511
2575,92
1999,1566
2045,141
1737,1511
2778,2007
2530,1509
3058,1525
3057,1559
1737,1523
2266,1509
2794,1530
1721,2032
383,2550
1995,1732
1517,170
1998,1645
1738,1515
2002,1525
2265,1568
681,1521
417,1521
2003,1509
2266,1547
2003,1511
2528,1625
3060,1525
2532,1515
2268,1509
2268,1511
2532,1525
2531,1559
2795,1568
1740,1509
2530,1598
1733,1732
3061,1525
2004,1530
2796,1559
2269,1515
419,1521
2582,12
2004,1547
1784,176
2798,1511
2268,1561
2534,1509
3062,1525
2577,176
2534,1511
3059,1623
2005,1530
2054,12
2270,1509
2270,1511
2797,1561
1740,1559
2005,1536
3063,1509
2005,1541
2006,1511
2005,1543
2533,1561
2797,1568
685,1521
1742,1525
2255,2007
2271,1515
2535,1523
2799,1530
421,1521
3064,1509
2799,1541
2271,1525
681,1663
2800,1509
1743,1509
2581,110
2507,2409
1259,141
2503,2541
2001,1720
1743,1530
2008,1509
2535,1559
1743,1536
951,1521
2537,1511
2536,1547
2273,1515
2526,1867
2008,1547
2802,1509
3066,1525
2009,1525
2798,1645
688,1521
2274,1509
424,1521
3067,1515
1790,141
1741,1667
2273,1561
2319,141
2009,1559
2539,1518
2011,1509
2011,1511
2538,1561
2538,1566
2804,1511
2275,1530
2540,1511
3068,1530
1740,1739
2252,2251
3069,1509
2540,1523
2012,1509
2012,1511
2276,1525
1748,1511
1527,176
2009,1623
2011,1566
1747,1559
2804,1561
2805,1530
3065,1667
1793,141
2267,1833
2540,1566
2801,1667
2586,141
1529,141
2805,1547
2277,1530
3070,1525
2012,1566
1748,1559
3071,1509
2542,1530
2010,1643
2278,1530
2274,1655
2542,1541
2256,2217
2542,1543
693,1521
2279,1509
2058,170
2278,1541
1486,1521
2279,1515
429,1521
1750,1530
1743,1749
958,1509
958,1511
1750,1536
2543,1530
2808,1509
2808,1511
3072,1525
2005,1836
2005,1845
1751,1530
2544,1525
417,1930
1751,1536
2809,1509
1752,1509
2280,1525
1751,1541
1752,1511
431,1509
431,1511
2257,2251
2065,12
3056,2066
2015,1568
2545,1525
2016,1541
2808,1566
1753,1509
1753,1511
2810,1515
2017,1525
2806,1645
2259,2220
431,1547
2266,2007
2001,2032
1746,1745
1753,1530
1800,78
2327,127
3075,1515
2282,1525
2281,1559
1753,1543
2811,1515
431,1566
2547,1509
1753,1547
2547,1511
697,1521
2283,1509
1754,1525
2283,1511
1753,1566
2856,141
2544,1623
1755,1509
1755,1511
1755,1515
2548,1509
2328,141
2547,1547
2802,1836
2283,1547
2020,1509
2004,2007
2020,1511
421,1930
2547,1566
2284,1530
963,1521
3077,1525
2283,1566
2017,1623
1746,1833
2284,1541
1756,1530
958,1693
2549,1525
2020,1541
2812,1568
1756,1536
3078,1515
2020,1547
2813,1541
1757,1509
1756,1541
1756,1543
2284,1559
431,1663
2021,1530
1750,1749
2021,1541
2543,1745
2021,1543
1758,1511
1494,1511
2022,1530
2815,1525
2022,1536
437,1521
2023,1509
2022,1541
2022,1543
1494,1528
2816,1509
1759,1509
2596,141
2287,1530
2552,1515
1758,1561
2288,1518
2008,2007
2814,1598
3076,1667
1758,1566
2549,1623
2551,1561
3074,1732
1760,1509
1760,1511
2286,1591
2813,1643
219,141
3080,1561
2817,1525
2289,1511
1756,1655
2287,1581
2552,1561
2794,2251
2025,1515
2554,1509
1760,1557
2290,1511
2026,1509
2026,1511
2021,1667
429,1867
1760,1566
2290,1525
2339,12
2335,141
958,1867
2025,1559
2026,1530
1762,1525
2818,1561
441,1521
2026,1543
2820,1509
1763,1509
2820,1511
1494,1663
2027,1530
2556,1518
2553,1611
2819,1559
2027,1536
2072,141
2292,1515
2028,1509
2027,1541
2821,1509
1763,1547
2555,1585
2293,1515
1760,1655
2557,1525
2029,1509
2289,1645
1809,141
2019,1833
2553,1667
2028,1561
2551,1732
2028,1566
1760,1685
1764,1561
1762,1623
2558,1525
431,1930
1810,141
1760,1693
2030,1515
2823,1509
2823,1511
2287,1744
1765,1547
2295,1509
2075,141
445,1521
2559,1525
2341,90
2031,1515
2817,1732
1766,1547
2824,1525
2294,1571
2291,1667
2556,1643
2030,1568
1503,1521
1767,1530
2560,1525
2869,141
1812,141
2296,1525
1768,1511
1548,141
2561,1509
2561,1511
711,1521
2031,1561
2077,141
2826,1509
2826,1511
1753,2007
2273,2272
2000,2546
2298,1509
2298,1511
2078,141
448,1521
1770,1509
2561,1566
