position_1,position_2
4586,4332
4586,4336
4586,4334
4850,4349
4586,4349
4851,4332
4851,4336
4851,4334
4587,4336
7728,13462
4587,4334
4851,4349
4587,4349
13014,13452
13014,13459
4852,4334
13014,13460
12750,13452
13014,13457
4852,4332
13264,13900
13014,13458
13014,13456
13014,13453
4852,4336
13014,13454
13014,13467
12750,13459
4588,4334
13264,13910
13014,13468
12750,13460
12750,13457
13014,13465
4588,4332
12750,13458
13264,13905
13014,13463
13264,13906
13014,13464
12750,13456
13264,13903
12750,13453
13014,13461
4588,4336
13014,13462
12750,13454
4852,4349
13264,13917
12750,13467
8288,4332
13264,13916
12750,13464
13264,13911
12750,13461
12750,13462
13014,13470
4588,4349
12750,13473
12750,13470
4853,4334
4853,4332
4853,4336
13285,5085
4589,4334
4589,4332
4589,4336
7707,14179
4853,4349
4589,4349
4854,4332
4854,4336
4854,4334
4590,4332
4590,4336
4590,4334
4854,4349
4590,4349
4855,4332
4855,4336
4855,4334
4591,4332
4591,4336
4855,4349
4591,4349
8291,4332
4856,4334
4856,4332
4856,4336
4592,4334
4592,4332
4592,4336
4856,4349
4592,4349
4857,4334
4857,4332
4857,4336
4593,4334
4593,4332
4593,4336
4857,4349
12741,13906
12741,13905
12741,13903
12741,13900
4593,4349
4858,4332
12741,13915
12741,13910
4858,4336
12741,13911
4858,4334
4594,4332
4594,4336
4594,4334
4858,4349
13285,13458
13285,13459
13285,13456
13285,13457
13285,13454
4594,4349
13285,13453
4859,4332
13021,13458
13021,13459
13285,13464
13021,13456
13021,13457
4859,4336
13021,13454
13285,13462
4859,4334
13285,13460
13021,13452
13021,13453
13285,13461
4595,4332
13007,13900
13021,13467
13021,13464
4595,4336
13285,13470
13021,13460
13285,13468
13021,13461
4331,4332
4859,4349
13007,13906
4331,4336
13021,13470
13007,13905
4331,4334
13021,13468
13007,13903
4595,4349
13022,13452
13007,13914
13022,13459
4860,4334
4331,4349
13022,13460
13022,13457
4860,4332
13022,13458
13022,13456
13022,13453
4860,4336
13022,13454
13022,13467
4596,4334
13022,13465
4596,4332
13022,13464
8242,14186
13022,13461
4596,4336
13022,13462
4860,4349
4332,4334
13022,13470
4332,4336
4596,4349
4861,4334
4332,4349
4861,4332
4861,4336
4597,4334
4597,4332
4597,4336
4333,4334
4333,4332
4861,4349
4333,4336
4597,4349
4862,4332
12261,4334
4862,4336
4862,4334
4333,4349
4598,4332
4598,4336
4809,14176
4598,4334
4334,4332
4334,4336
4862,4349
4598,4349
4863,4332
4863,4336
4863,4334
4334,4349
4599,4332
4599,4336
4335,4332
4863,4349
4335,4336
4335,4334
4599,4349
4864,4334
4864,4332
13032,5085
7771,4332
4864,4336
7741,13459
4600,4334
4600,4332
7741,13456
7741,13462
7741,13461
4600,4336
4864,4349
4336,4334
4336,4332
4600,4349
8300,4332
4865,4334
4336,4349
4865,4332
13004,14177
13004,14178
4865,4336
4601,4334
4601,4332
4601,4336
4337,4334
13004,14182
4337,4332
13004,14179
4865,4349
13004,14180
4337,4336
4601,4349
4866,4332
4866,4336
4337,4349
4602,4332
13034,5085
7773,4332
4602,4336
4602,4334
4338,4332
4338,4336
4866,4349
4338,4334
4602,4349
4867,4332
4867,4336
4867,4334
4338,4349
4603,4332
4603,4336
4603,4334
4339,4332
4867,4349
12771,5085
4339,4334
4603,4349
4868,4334
4868,4332
4868,4336
4604,4334
4604,4332
4604,4336
4868,4349
4600,4465
4340,4334
4340,4332
4340,4336
4604,4349
4869,4334
4340,4349
4869,4332
4869,4336
4605,4332
4605,4336
4341,4334
4341,4332
4869,4349
4341,4336
13032,13453
13032,13454
4605,4349
13032,13452
4870,4332
13032,13461
4870,4336
13032,13462
13032,13459
4341,4349
4870,4334
13032,13460
13032,13457
4606,4332
13032,13458
13032,13456
4606,4336
13032,13470
13032,13467
4606,4334
4342,4332
13032,13463
13032,13464
12754,13903
4342,4336
12754,13904
4870,4349
4342,4334
12754,13900
4606,4349
13033,13453
4871,4332
12754,13905
12754,13906
4871,4336
12769,13454
13033,13462
13039,5085
4342,4349
4871,4334
12769,13452
12769,13453
4607,4332
13033,13456
13033,13457
4607,4336
12769,13462
4607,4334
12769,13460
12769,13461
4343,4332
12769,13458
4871,4349
12769,13459
13033,13467
12769,13456
12769,13457
4343,4336
12769,13470
4343,4334
4607,4349
12769,13467
12769,13464
13275,14176
13034,13456
13034,13453
13034,13454
12769,13474
4343,4349
4872,4334
12769,13475
4872,4332
13034,13464
13034,13461
4872,4336
13034,13462
13034,13459
4608,4334
13275,14181
13034,13460
13034,13457
4608,4332
13034,13458
4608,4336
13034,13470
4872,4349
13034,13467
4344,4334
13275,14186
4344,4332
12756,13905
12756,13906
13299,13457
12756,13903
13299,13454
4344,4336
4608,4349
12756,13900
13299,13464
13299,13462
4344,4349
4873,4334
4873,4332
12771,13456
12771,13457
4873,4336
12771,13452
12771,13453
4609,4332
12748,14177
12748,14178
4609,4336
12771,13462
4345,4334
12771,13460
4345,4332
12771,13458
4873,4349
4345,4336
12748,14183
12748,14179
4609,4349
12748,14180
12771,13467
4874,4332
4874,4336
4345,4349
4874,4334
4610,4332
4610,4336
4610,4334
4346,4332
4346,4336
4874,4349
4346,4334
13551,13900
4610,4349
4875,4332
13278,14179
13278,14180
13551,13906
13278,14177
13278,14178
4875,4336
13551,13905
13307,5085
4346,4349
4875,4334
13551,13903
4611,4332
4611,4336
13278,14183
4611,4334
13278,14182
4347,4332
4875,4349
4347,4336
4611,4349
13279,14180
4347,4349
4876,4334
13279,14178
4876,4332
13279,14179
13279,14177
4876,4336
4612,4334
4612,4332
12774,13458
12774,13456
12774,13453
13279,14182
4612,4336
4876,4349
4348,4332
12780,5085
4348,4336
4612,4349
13039,13452
13039,13453
8048,4334
4348,4349
4877,4334
13039,13460
13039,13461
4877,4332
13039,13458
13039,13459
13039,13456
13039,13457
4877,4336
13039,13454
4613,4334
4613,4332
13039,13467
13039,13464
4613,4336
13039,13462
13039,13463
4349,4334
4349,4332
4877,4349
13039,13470
4349,4336
4613,4349
4878,4332
4878,4336
4878,4334
13310,5085
4614,4336
4614,4334
4350,4332
4350,4336
4878,4349
4350,4334
4614,4349
4879,4332
4879,4336
4350,4349
4879,4334
4615,4332
4615,4336
12783,5085
4615,4334
4351,4332
4879,4349
4351,4336
13547,14177
4615,4349
1150,13460
13042,13456
13547,14182
13042,13453
13042,13454
13547,14183
13547,14180
4880,4334
4351,4349
13042,13452
4880,4332
13042,13464
13042,13461
4880,4336
13042,13459
4616,4334
13042,13460
13042,13457
4616,4332
13042,13458
4616,4336
13042,13470
4880,4349
13042,13467
4352,4334
4352,4332
13307,13456
13307,13457
13307,13454
4352,4336
13307,13455
4616,4349
13307,13452
13307,13453
13307,13464
13307,13462
4352,4349
4881,4334
13307,13460
13307,13461
4881,4332
13307,13458
13307,13459
13307,13473
4881,4336
13307,13470
13307,13468
4617,4332
13307,13467
4617,4336
4353,4334
4353,4332
4881,4349
4353,4336
4882,4336
4882,4334
4353,4349
12780,13457
4618,4332
12780,13458
12780,13456
12780,13453
4618,4336
12780,13454
4618,4334
12780,13452
4354,4332
12780,13464
12780,13461
4354,4336
12780,13462
4882,4349
12780,13459
4354,4334
12780,13460
13559,13900
12780,13473
12780,13470
4618,4349
12780,13467
12780,13468
4883,4332
13559,13906
4883,4336
13559,13905
4883,4334
4354,4349
13559,13903
4619,4332
4619,4336
4619,4334
4883,4349
13310,13452
4355,4336
4355,4334
13310,13459
4619,4349
13310,13460
13310,13457
13310,13458
13310,13456
13310,13453
13310,13454
13310,13467
4355,4349
4884,4334
4884,4332
13310,13463
13310,13464
13310,13461
4884,4336
13310,13462
4620,4334
13023,14181
4620,4332
13023,14176
4620,4336
13310,13470
4884,4349
4356,4334
13023,14186
4356,4332
4356,4336
4620,4349
4356,4349
12783,13452
12783,13453
4885,4332
4885,4336
4621,4334
12783,13460
12783,13461
13024,14182
4621,4332
12783,13458
13024,14179
12783,13459
13024,14180
12783,13456
13024,14177
12783,13457
13024,14178
4621,4336
12783,13454
4357,4334
4357,4332
4885,4349
12783,13467
12783,13464
4357,4336
13024,14183
12783,13462
12783,13463
12783,13474
4621,4349
4886,4332
12783,13470
4886,4336
4886,4334
4622,4332
4622,4336
4622,4334
13025,14181
4358,4332
13025,14176
13313,13454
4358,4336
4886,4349
13313,13452
4358,4334
13313,13453
13025,14186
13313,13462
13290,14176
13313,13463
4622,4349
13313,13460
13313,13461
4887,4332
13313,13458
13313,13459
13313,13456
13313,13457
4887,4336
13313,13470
4887,4334
4358,4349
13290,14181
4623,4332
13313,13467
13313,13464
4623,4336
4623,4334
4359,4332
4887,4349
13290,14186
4359,4336
4359,4334
4623,4349
4359,4349
4888,4332
4888,4336
4624,4334
4624,4332
4624,4336
4888,4349
4360,4334
4360,4332
12772,13905
12772,13906
13556,14178
13315,13457
12772,13903
4360,4336
4624,4349
13315,13452
12772,13900
13315,13464
12772,13912
4889,4334
4360,4349
12772,13909
4889,4332
13556,14180
4889,4336
631,13456
4625,4334
12772,13917
4625,4332
4625,4336
4361,4334
4361,4332
4889,4349
4361,4336
4625,4349
4890,4332
13293,14176
4890,4336
4890,4334
4361,4349
13293,14186
4626,4332
4626,4336
4626,4334
13293,14181
4362,4336
4890,4349
4362,4334
13558,14180
13558,14177
4626,4349
4891,4332
4891,4336
13558,14183
4891,4334
4362,4349
4627,4332
4627,4336
4627,4334
4363,4332
4891,4349
4363,4336
4363,4334
4627,4349
4363,4349
4892,4332
4892,4336
4628,4332
4628,4336
4364,4332
4364,4336
4628,4349
13560,14179
8064,4332
4364,4349
4893,4332
4893,4336
4629,4334
13560,14197
4629,4332
4629,4336
4365,4334
4365,4332
4625,4465
4893,4349
4365,4336
4629,4349
4894,4332
4365,4349
4630,4332
4630,4336
4630,4334
4366,4332
4366,4336
4366,4334
13298,14176
4630,4349
4895,4332
4895,4336
4366,4349
4895,4334
13298,14181
4631,4332
4631,4336
4631,4334
4367,4332
4895,4349
13298,14186
4367,4336
4631,4349
4896,4334
4896,4336
4632,4334
4632,4332
4632,4336
4896,4349
4368,4334
4368,4332
4368,4336
4632,4349
4368,4349
4897,4334
4897,4332
4897,4336
4633,4334
4633,4332
4633,4336
4369,4334
4897,4349
4369,4336
4633,4349
4898,4332
4898,4336
4898,4334
4369,4349
4634,4332
13066,5085
4634,4336
4634,4334
12773,14178
4370,4332
12773,14179
12773,14177
4370,4336
4898,4349
4370,4334
12773,14182
12773,14183
4634,4349
12773,14180
4899,4332
4899,4336
4370,4349
4899,4334
4635,4332
4635,4336
4635,4334
4371,4332
4899,4349
4371,4336
4371,4334
4635,4349
4371,4349
4900,4332
13312,13900
4636,4332
13312,13905
13312,13906
13312,13903
4636,4336
4900,4349
4372,4334
4372,4332
4372,4336
4636,4349
4901,4334
4372,4349
4901,4332
4901,4336
4637,4334
4637,4332
4637,4336
4373,4334
4373,4332
4901,4349
4373,4336
4637,4349
4902,4332
4902,4336
4373,4349
4902,4334
4638,4332
13041,14182
4638,4336
13041,14183
13041,14180
4638,4334
13041,14178
4374,4332
13041,14179
13041,14177
4374,4336
4902,4349
4374,4334
13335,5085
4638,4349
4903,4332
4903,4336
12801,13454
4903,4334
4374,4349
12801,13452
12801,13453
4639,4332
4639,4336
12801,13462
12801,13460
12801,13461
4375,4332
12801,13458
4903,4349
12801,13459
12801,13456
12801,13457
4375,4336
12801,13470
4375,4334
12801,13468
4639,4349
12801,13467
12801,13464
13066,13456
13066,13453
13066,13454
4375,4349
4904,4334
13066,13452
4904,4332
13066,13463
13066,13464
13066,13461
4904,4336
13066,13462
13066,13459
4640,4334
13066,13460
13066,13457
4640,4332
13066,13458
4640,4336
13066,13470
4904,4349
13066,13467
4376,4334
4376,4332
4376,4336
4640,4349
6989,13455
4905,4334
4376,4349
4905,4332
4905,4336
4641,4334
4641,4332
4641,4336
4377,4334
4377,4332
4905,4349
4377,4336
4641,4349
4906,4332
4906,4336
4377,4349
4906,4334
4642,4332
4642,4336
4642,4334
4378,4332
12790,13900
4378,4336
4906,4349
12790,13905
12790,13906
12790,13903
4642,4349
4907,4332
12790,13914
4907,4336
4378,4349
4907,4334
12790,13909
4643,4332
4643,4336
4643,4334
4379,4332
4907,4349
4379,4336
4379,4334
4643,4349
13311,14180
4908,4334
4379,4349
13311,14178
4908,4332
13311,14179
13311,14177
4908,4336
4644,4334
13047,14181
4644,4332
13047,14176
13311,14182
4644,4336
4908,4349
13335,13452
4380,4334
13335,13453
13047,14186
4380,4332
4380,4336
4644,4349
13335,13460
13335,13461
13335,13458
13335,13459
13335,13456
13335,13457
13335,13454
4380,4349
4909,4332
13335,13467
13335,13464
4909,4336
13335,13462
4645,4332
4645,4336
13335,13470
4381,4334
4381,4332
4909,4349
4381,4336
4645,4349
4910,4332
4910,4336
4381,4349
4910,4334
4646,4332
4646,4336
4646,4334
13049,14181
4382,4332
13049,14176
4382,4336
4910,4349
4382,4334
12785,14181
13049,14186
12785,14176
13073,13454
13343,5085
4646,4349
13073,13452
13073,13453
4911,4332
12785,14186
4911,4336
13073,13462
7818,4332
4382,4349
13073,13460
13073,13461
4647,4332
13073,13458
13073,13459
13073,13456
13073,13457
4647,4336
13073,13470
4647,4334
4383,4332
4911,4349
13073,13467
13073,13464
4383,4336
4383,4334
4647,4349
4383,4349
4912,4334
4912,4332
4912,4336
4648,4334
4648,4332
12787,14177
4648,4336
4912,4349
4384,4334
4384,4332
12787,14182
4384,4336
12787,14183
12787,14180
12787,14178
12787,14179
4384,4349
4913,4334
4913,4332
4913,4336
4649,4334
12787,14197
4649,4332
4649,4336
4385,4334
4385,4332
4913,4349
4385,4336
4649,4349
4914,4332
13317,14176
4914,4336
4385,4349
13317,14186
4650,4332
4650,4336
4650,4334
13317,14181
4386,4332
4386,4336
4386,4334
12314,4336
4650,4349
4915,4332
4915,4336
4915,4334
4386,4349
4651,4332
4651,4336
4387,4332
4915,4349
4387,4336
4387,4334
4387,4349
4916,4334
4916,4332
13348,5085
4916,4336
4652,4334
4652,4332
4652,4336
4916,4349
13343,13452
4388,4334
13343,13453
4388,4332
4388,4336
4652,4349
13343,13460
13343,13461
13343,13458
13343,13459
13343,13456
13343,13457
13343,13454
4917,4334
4388,4349
4917,4332
13343,13467
13343,13464
4917,4336
13343,13462
13343,13463
4653,4334
4653,4332
4653,4336
13343,13470
4389,4334
12792,14182
4389,4332
12792,14179
4917,4349
12792,14180
12792,14177
12792,14178
4389,4336
4653,4349
4918,4332
4918,4336
4918,4334
4389,4349
4654,4332
13057,14182
4654,4336
13057,14180
4654,4334
13057,14178
4390,4332
13057,14179
13057,14177
4390,4336
4918,4349
4390,4334
12822,5085
4654,4349
4919,4332
4919,4336
4390,4349
4919,4334
4655,4332
4655,4336
4655,4334
4391,4332
4919,4349
4391,4336
4391,4334
4655,4349
4920,4334
4391,4349
4920,4332
4920,4336
4656,4334
4656,4332
4656,4336
4920,4349
4392,4334
4392,4332
4392,4336
4656,4349
4392,4349
4921,4334
4921,4332
4921,4336
4657,4334
8303,14182
4657,4332
4657,4336
4393,4334
4393,4332
4921,4349
13348,13457
13348,13458
4393,4336
13348,13456
13348,13453
13348,13454
4657,4349
13348,13452
4922,4332
13348,13463
13348,13464
13348,13461
4922,4336
13348,13462
13348,13459
4922,4334
4393,4349
13348,13460
4658,4332
13070,13900
13090,5085
4658,4336
13348,13470
13348,13467
4658,4334
4394,4332
13070,13905
13070,13906
13070,13903
4394,4336
4922,4349
4394,4334
4658,4349
4923,4332
4923,4336
4923,4334
4394,4349
4659,4332
4659,4336
4659,4334
4395,4332
4923,4349
4395,4336
12827,5085
4395,4334
4659,4349
4395,4349
4924,4334
12822,13452
4924,4332
4924,4336
12822,13459
4660,4334
12822,13460
12822,13457
4660,4332
12822,13458
12822,13456
12822,13453
4660,4336
12822,13454
4924,4349
12822,13467
4396,4334
4396,4332
12822,13463
12822,13464
12822,13461
4396,4336
12822,13462
4660,4349
12822,13470
4396,4349
4925,4332
4925,4336
13357,5085
4661,4334
4661,4332
4661,4336
4397,4332
4397,4336
4661,4349
4926,4332
4926,4336
4397,4349
4926,4334
4662,4332
4662,4336
4662,4334
4398,4332
13353,13454
4398,4336
4926,4349
13353,13452
13353,13453
12830,5085
13353,13462
13353,13463
4662,4349
13353,13460
13353,13461
4927,4332
13353,13458
13353,13459
13353,13456
13353,13457
4927,4336
13353,13470
4927,4334
4663,4332
13353,13467
13353,13464
13353,13465
4663,4336
4663,4334
4399,4332
4927,4349
4399,4336
4399,4334
4663,4349
13090,13456
13090,13453
13090,13454
4399,4349
4928,4334
13090,13452
4928,4332
13090,13463
13090,13464
13090,13461
4928,4336
13090,13462
13090,13459
4664,4334
13090,13460
13090,13457
4664,4332
13090,13458
4664,4336
13090,13470
4928,4349
13090,13467
4400,4334
13090,13468
4400,4332
4400,4336
4664,4349
4400,4349
4929,4334
4929,4332
12827,13456
12827,13457
4929,4336
12827,13454
4665,4334
12827,13452
12827,13453
4665,4332
12827,13464
4665,4336
12827,13462
12827,13463
4401,4334
12827,13460
12827,13461
4401,4332
12827,13458
4929,4349
12827,13459
7836,4349
4401,4336
12827,13470
4665,4349
12827,13467
4930,4332
4930,4336
4401,4349
4930,4334
12828,13457
4666,4332
12828,13458
12828,13456
12828,13453
4666,4336
12828,13454
4666,4334
12828,13452
4402,4332
12828,13464
8366,4332
12828,13461
4402,4336
12828,13462
4930,4349
12828,13459
4402,4334
12828,13460
13357,13458
13357,13459
13357,13456
13357,13457
13357,13454
12828,13470
4666,4349
13357,13452
12828,13467
13357,13453
12828,13468
4931,4332
13357,13467
13357,13464
4931,4336
13357,13462
13357,13463
4402,4349
4931,4334
13357,13460
13357,13461
4667,4332
4667,4336
13357,13470
4667,4334
4403,4332
4931,4349
4403,4336
4403,4334
4667,4349
4403,4349
4932,4334
12830,13452
4932,4332
4932,4336
12830,13459
4668,4334
12830,13460
12830,13457
4668,4332
12830,13458
12830,13456
12830,13453
4668,4336
12830,13454
9659,13453
4932,4349
12830,13467
4404,4332
12830,13463
12830,13464
12830,13461
4404,4336
12830,13462
4668,4349
12830,13470
4933,4334
4404,4349
4933,4332
4933,4336
4669,4334
4669,4332
4669,4336
4405,4334
4405,4332
4933,4349
4405,4336
4669,4349
4934,4332
4934,4336
4405,4349
4934,4334
4670,4332
13366,5085
4670,4336
4670,4334
4406,4332
4406,4336
4934,4349
4406,4334
4670,4349
4935,4332
4935,4336
4406,4349
4935,4334
4671,4332
4671,4336
4671,4334
4407,4332
4935,4349
4407,4336
4407,4334
4671,4349
13098,13456
13098,13453
13098,13454
4407,4349
4936,4334
13098,13452
4936,4332
13098,13464
13098,13461
4936,4336
13098,13462
13098,13459
4672,4334
13098,13460
13098,13457
4672,4332
13098,13458
4672,4336
4936,4349
13098,13467
4408,4334
4408,4332
4408,4336
4672,4349
4937,4334
4408,4349
4937,4332
4937,4336
4673,4334
4673,4332
4673,4336
4409,4334
4409,4332
4937,4349
4409,4336
4673,4349
4938,4332
8109,4334
4938,4336
4409,4349
4938,4334
4674,4332
4674,4336
4674,4334
4410,4332
12842,5085
4410,4336
4674,4349
4939,4332
4939,4336
4410,4349
4939,4334
4675,4332
13087,13900
4675,4336
4675,4334
4411,4332
4939,4349
13087,13906
8375,4332
4411,4336
13087,13905
4411,4334
13087,13903
13366,13459
4675,4349
13087,13914
13366,13457
13366,13458
13087,13913
13366,13456
13366,13453
4411,4349
4940,4334
4940,4332
13366,13464
13366,13461
4940,4336
13366,13462
4676,4334
4676,4332
14136,14180
4676,4336
13366,13470
4940,4349
4412,4334
4412,4332
12824,13900
14136,14183
4412,4336
4676,4349
12824,13905
12824,13906
12824,13903
4412,4349
4941,4334
4941,4332
12824,13913
4941,4336
4677,4334
4677,4332
4937,4465
4677,4336
4413,4334
4413,4332
4941,4349
4413,4336
4677,4349
4942,4336
4413,4349
4942,4334
8060,14178
4678,4332
4678,4336
14176,4809
4414,4332
4414,4336
4942,4349
4414,4334
4678,4349
4943,4332
4943,4336
4414,4349
4679,4332
4679,4336
4679,4334
4415,4332
4943,4349
4415,4336
4415,4334
4679,4349
4944,4334
4415,4349
4944,4332
12842,13456
12842,13453
4944,4336
12842,13454
4680,4334
12842,13452
4680,4332
12842,13463
12842,13464
12842,13461
4680,4336
12842,13462
4944,4349
12842,13459
4416,4334
12842,13460
12842,13457
4416,4332
12842,13458
4416,4336
12842,13470
4680,4349
12842,13467
12842,13468
12857,4809
4416,4349
4945,4334
4945,4332
12842,13474
4945,4336
4681,4334
4681,4332
4681,4336
4417,4334
4417,4332
4945,4349
12315,13456
4417,4336
4681,4349
4946,4332
4946,4336
4417,4349
4946,4334
4682,4332
13123,4809
4682,4336
4682,4334
4418,4332
4418,4336
4946,4349
4682,4349
4947,4332
4947,4336
4418,4349
4947,4334
4683,4332
4683,4336
14656,14657
4683,4334
4419,4332
4947,4349
4419,4336
4419,4334
4683,4349
4419,4349
4948,4334
4948,4332
4948,4336
4684,4334
4684,4332
4684,4336
14657,14656
4948,4349
4420,4332
4420,4336
4684,4349
4949,4334
4949,4332
4949,4336
4685,4334
4685,4332
4685,4336
4421,4334
4421,4332
4949,4349
4421,4336
12349,4336
4685,4349
4950,4332
4950,4336
4421,4349
4950,4334
4686,4332
13089,14182
4686,4336
13089,14183
13089,14180
4686,4334
13089,14178
4422,4332
13089,14179
13089,14177
4422,4336
7827,13468
4950,4349
4422,4334
4686,4349
4951,4332
4951,4336
4422,4349
13354,14182
4687,4332
13354,14179
13354,14180
13354,14177
13354,14178
4687,4336
4687,4334
4423,4332
4951,4349
4423,4336
4423,4334
4687,4349
13355,14176
4423,4349
4952,4332
4952,4336
4688,4334
13355,14181
4688,4332
4688,4336
4952,4349
4424,4334
13355,14186
4424,4332
4424,4336
4688,4349
4424,4349
4953,4334
4953,4332
4953,4336
4689,4334
4689,4332
4689,4336
4425,4334
4425,4332
4953,4349
4425,4336
4689,4349
4954,4332
4954,4336
4425,4349
14188,4809
4690,4332
4690,4336
4950,4465
4690,4334
4426,4332
12829,14176
4426,4336
4954,4349
4426,4334
12829,14186
4690,4349
12829,14181
4955,4332
4955,4336
4955,4334
4426,4349
4691,4332
14189,4809
4691,4336
4691,4334
4427,4332
4955,4349
4427,4336
4427,4334
4691,4349
4956,4334
4427,4349
4956,4332
4956,4336
4692,4334
4692,4332
4692,4336
4956,4349
4428,4332
4428,4336
4692,4349
4428,4349
4957,4332
4957,4336
4693,4334
4693,4332
4693,4336
4429,4334
13384,13453
13384,13454
4429,4332
4957,4349
4429,4336
13384,13461
13384,13462
13384,13459
4693,4349
13384,13460
13384,13457
4958,4332
13384,13458
13384,13456
4958,4336
13384,13470
13384,13467
4429,4349
4958,4334
4694,4332
13399,4809
13384,13464
13106,13903
4694,4336
4694,4334
14192,4809
4430,4332
13106,13900
13106,13911
4430,4336
4958,4349
13106,13909
4430,4334
13106,13910
13106,13905
13106,13906
4694,4349
13106,13917
4959,4332
13106,13915
7866,4332
4430,4349
4695,4332
4695,4336
4695,4334
4431,4332
4959,4349
4431,4336
4431,4334
12359,4332
4695,4349
4431,4349
4960,4334
4960,4332
13099,14177
4960,4336
4696,4334
4696,4332
13099,14182
4696,4336
13099,14183
4960,4349
13099,14180
4432,4334
13099,14178
4432,4332
13099,14179
13901,13906
13387,13456
13387,13457
12835,14182
13387,13454
4432,4336
13901,13905
4696,4349
12835,14180
13387,13452
13901,13903
13387,13453
13901,13900
12835,14178
12835,14179
13387,13464
13387,13462
4432,4349
13387,13460
13387,13461
4961,4332
13387,13458
13387,13459
4961,4336
13387,13470
4697,4334
4697,4332
13387,13467
13902,13900
4697,4336
4433,4334
4433,4332
4961,4349
4433,4336
13902,13905
13902,13906
13902,13903
4697,4349
4962,4332
4433,4349
14196,4809
12860,13457
4698,4332
12860,13458
12860,13456
12860,13453
4698,4336
12860,13454
4698,4334
12860,13452
4434,4332
12860,13463
12860,13464
12860,13461
4434,4336
12860,13462
12860,13459
4434,4334
12362,4334
12860,13470
4698,4349
12860,13467
4963,4332
4963,4336
4963,4334
4434,4349
4699,4332
4699,4336
4699,4334
4435,4332
4963,4349
4435,4336
4699,4349
13126,13452
13126,13459
4435,4349
4964,4334
13126,13460
13126,13457
4964,4332
13126,13458
13396,5085
13126,13456
7871,4332
13126,13453
4964,4336
13126,13454
13126,13467
4700,4334
4700,4332
13126,13463
13126,13464
13126,13461
4700,4336
13126,13462
4964,4349
4436,4334
4436,4332
4436,4336
13126,13470
4700,4349
8106,13456
4965,4334
4436,4349
13368,14182
4965,4332
13368,14179
13368,14180
13368,14177
13368,14178
4965,4336
4701,4332
4701,4336
4437,4334
4437,4332
7608,4336
4965,4349
4437,4336
4701,4349
4966,4332
13369,14182
12864,13453
4966,4336
13369,14183
13369,14180
4437,4349
4966,4334
13369,14178
4702,4332
13369,14179
13369,14177
4702,4336
4702,4334
12864,13460
14200,4809
4438,4332
12864,13458
13134,5085
4438,4336
13907,13905
4966,4349
4438,4334
13907,13903
13907,13900
4702,4349
13907,13906
4967,4336
4438,4349
4967,4334
4703,4332
4703,4336
4703,4334
4439,4332
4967,4349
13908,13905
13908,13906
8373,13457
13908,13903
4703,4349
13908,13900
4439,4349
4968,4332
4968,4336
4704,4334
4704,4332
4704,4336
4968,4349
14202,4809
4440,4332
4440,4336
4704,4349
4440,4349
4969,4334
4969,4332
4969,4336
4705,4334
4705,4332
4705,4336
4441,4334
4441,4332
4969,4349
13396,13457
13396,13458
4441,4336
13396,13456
13396,13453
13396,13454
4705,4349
13396,13452
4970,4332
13396,13464
13396,13461
4970,4336
13396,13462
13396,13459
4441,4349
4970,4334
4706,4332
4706,4336
13396,13467
4706,4334
4442,4332
4442,4336
4970,4349
4442,4334
4706,4349
4971,4332
4971,4336
4442,4349
4707,4332
4707,4336
4707,4334
4443,4332
12846,14179
4971,4349
12846,14180
12846,14178
4443,4336
4443,4334
4707,4349
13134,13452
12371,4336
12846,14183
12846,14182
13134,13459
4972,4334
4443,4349
13134,13460
13134,13457
4972,4332
13134,13458
13134,13456
13134,13453
4972,4336
13134,13454
13134,13467
4708,4334
13134,13468
4708,4332
13134,13463
13134,13464
13134,13461
4708,4336
13134,13462
4972,4349
4444,4334
4444,4332
13134,13474
4444,4336
13134,13470
4708,4349
12372,4332
4444,4349
4973,4332
4973,4336
4709,4334
4709,4332
4709,4336
4445,4334
4445,4332
4973,4349
4445,4336
12373,4336
4709,4349
13400,13457
4974,4332
13400,13456
4974,4336
13400,13467
4445,4349
4974,4334
4710,4332
4710,4336
4710,4334
4446,4332
4446,4336
4974,4349
4446,4334
4710,4349
4975,4332
4975,4336
4446,4349
4975,4334
4711,4332
4711,4336
4711,4334
4447,4332
4975,4349
4447,4336
4447,4334
4711,4349
4447,4349
4976,4336
13916,13917
4712,4334
4712,4332
12880,5085
4712,4336
4976,4349
4448,4334
4448,4332
4448,4336
4712,4349
4448,4349
4977,4334
4977,4332
14211,4809
4977,4336
4713,4334
4713,4332
13917,13916
13918,13900
4713,4336
4449,4334
4449,4332
4977,4349
4449,4336
13918,13905
13918,13906
13918,13903
4713,4349
4978,4332
4978,4336
4449,4349
4978,4334
4714,4332
7885,4332
4714,4336
4714,4334
13919,13900
4450,4332
4450,4336
4978,4349
4450,4334
13919,13906
13919,13905
4714,4349
13919,13903
4979,4336
4979,4334
4450,4349
4715,4332
4715,4336
4715,4334
4451,4332
4979,4349
13920,13900
4451,4336
4451,4334
4715,4349
13920,13905
13920,13906
13920,13903
4451,4349
4980,4334
4980,4332
4980,4336
4716,4332
4716,4336
4980,4349
4452,4334
13921,13903
13921,13900
4452,4332
4452,4336
4716,4349
14176,14198
13921,13906
13921,13905
4981,4334
4452,4349
4981,4332
8152,4336
4981,4336
4717,4334
4717,4332
14177,14179
4717,4336
4453,4334
13438,4332
4453,4332
4981,4349
4453,4336
13144,13454
12381,4336
4717,4349
4982,4332
12381,4332
12880,13453
4982,4336
12880,13454
4453,4349
4982,4334
12880,13452
4718,4332
13144,13458
13144,13456
12880,13461
4718,4336
12880,13459
4718,4334
12880,13460
12880,13457
4454,4332
12880,13458
12880,13456
13144,13464
4454,4336
12880,13470
4982,4349
12880,13467
12857,14181
12880,13463
12857,14176
12880,13464
4718,4349
4983,4332
12857,14186
12382,4336
4983,4336
14179,14177
4454,4349
4983,4334
4719,4332
4719,4336
4719,4334
4455,4332
4983,4349
4455,4336
4455,4334
4719,4349
4455,4349
4984,4334
4984,4332
13123,14176
4984,4336
4720,4334
4720,4332
12888,5085
4720,4336
4984,4349
4456,4334
13123,14181
7838,14179
4456,4332
12868,13905
12868,13906
12868,13903
4456,4336
4720,4349
13123,14186
12868,13900
4456,4349
4985,4334
4985,4332
4985,4336
4721,4334
4721,4332
4721,4336
4457,4334
4457,4332
4985,4349
12869,13906
4457,4336
12869,13905
12869,13903
12869,13900
4721,4349
4986,4332
4986,4336
4457,4349
4986,4334
12869,13909
4722,4332
4722,4336
4722,4334
4458,4332
4458,4336
4986,4349
4458,4334
4722,4349
4987,4332
4987,4336
4458,4349
4987,4334
4723,4332
4723,4336
4723,4334
12862,14179
4987,4349
12862,14180
12862,14177
12862,14178
4459,4336
4723,4349
12862,14182
4988,4334
4988,4332
4988,4336
14184,14181
4724,4332
4724,4336
14184,14176
4988,4349
4460,4334
14184,14186
4460,4336
4724,4349
4460,4349
4989,4334
4989,4332
4989,4336
4725,4334
4725,4332
14185,14181
4725,4336
14185,14176
4461,4332
4989,4349
14185,14186
4461,4336
12893,5085
4725,4349
4990,4332
4990,4336
12888,13454
4461,4349
4990,4334
4726,4332
4726,4336
4462,4332
12888,13456
13417,13454
4462,4336
4990,4349
4462,4334
12888,13468
12888,13464
13417,13462
4726,4349
4991,4332
13417,13458
13417,13456
13417,13457
4991,4336
4462,4349
13417,13468
4727,4332
4727,4336
4727,4334
4463,4332
14187,14180
4991,4349
4463,4336
4463,4334
4727,4349
4463,4349
4992,4334
13160,5085
14188,14176
14188,14186
4728,4336
4992,4349
14188,14181
4464,4334
4464,4332
4464,4336
4728,4349
13425,5085
4993,4334
4464,4349
4993,4332
4993,4336
14189,14176
4729,4334
4729,4332
14189,14186
4729,4336
4993,4349
14189,14181
12877,13906
12877,13905
12877,13903
12877,13900
4729,4349
4994,4332
12877,13915
12877,13912
12877,13910
4994,4336
12877,13911
4994,4334
12877,13909
4730,4332
14190,14180
14190,14177
4730,4336
12877,13916
4730,4334
4466,4332
14190,14183
4466,4336
4994,4349
4730,4349
4995,4332
4466,4349
4731,4332
12893,13458
14191,14181
12893,13459
12893,13456
12893,13457
4731,4336
14191,14176
12893,13454
12893,13452
12893,13453
4467,4332
4995,4349
12893,13467
14191,14186
12893,13464
4467,4336
12893,13462
12893,13463
4467,4334
12893,13460
12893,13461
4731,4349
12893,13473
12893,13470
12395,4332
4996,4334
4467,4349
13399,14181
4996,4332
13399,14176
4996,4336
14192,14181
4732,4334
13399,14186
4732,4332
4732,4336
14192,14176
4996,4349
4468,4334
4468,4332
14192,14186
4468,4336
4464,4465
4732,4349
4468,4349
4997,4332
4997,4336
4733,4332
14193,14181
4733,4336
14193,14176
4469,4334
12881,13903
4469,4332
12881,13900
4997,4349
14193,14186
4469,4336
13160,13453
13160,13454
4733,4349
13160,13452
12881,13906
4998,4332
12881,13905
13160,13461
4998,4336
13160,13462
12881,13916
13160,13459
4469,4349
4998,4334
12881,13917
13160,13460
13160,13457
4734,4332
13160,13458
12881,13912
12881,13913
13160,13456
14194,14183
4734,4336
13160,13470
13160,13467
4734,4334
14194,14182
14194,14179
4470,4332
14194,14180
13160,13463
14194,14177
13160,13464
14194,14178
13425,13454
4470,4336
4998,4349
13425,13452
4470,4334
13425,13453
13425,13462
4734,4349
13425,13460
13425,13461
4999,4332
13425,13458
13425,13459
13425,13456
13425,13457
4999,4336
13425,13470
14195,14177
4470,4349
4735,4332
13425,13467
13425,13464
4735,4336
4735,4334
14195,14182
4471,4332
14195,14180
4999,4349
13425,13475
4471,4336
12883,13905
12883,13903
12883,13900
4735,4349
4471,4349
5000,4334
14195,14197
12883,13906
5000,4332
12399,4336
5000,4336
14196,14176
4736,4334
4736,4332
12883,13915
12875,14177
14196,14186
4736,4336
5000,4349
14196,14181
4472,4332
12875,14182
4472,4336
4736,4349
12875,14180
12875,14178
12875,14179
13404,14178
4472,4349
5001,4334
14196,14198
5001,4332
5001,4336
13404,14183
4737,4334
13404,14182
4737,4332
13404,14179
13404,14180
4737,4336
4473,4334
4473,4332
4473,4336
4737,4349
5002,4332
5002,4336
12401,4336
4473,4349
5002,4334
12900,13457
4738,4332
12900,13458
12900,13456
12900,13453
4738,4336
12900,13454
14198,14176
4738,4334
12900,13452
4474,4332
12900,13463
12900,13464
12900,13461
4474,4336
5002,4349
12900,13459
4474,4334
12900,13460
12900,13470
4738,4349
12900,13467
5003,4332
5003,4336
4474,4349
5003,4334
4739,4332
14199,14180
14199,14179
4739,4336
4475,4332
5003,4349
4475,4336
4475,4334
14199,14182
4739,4349
4475,4349
5004,4336
14200,14181
4740,4334
4740,4332
4740,4336
14200,14176
4476,4334
4476,4332
14200,14186
4476,4336
4740,4349
4476,4349
5005,4332
5005,4336
4741,4334
4741,4332
14201,14181
4741,4336
14201,14176
7648,4332
4477,4334
4477,4332
14201,14186
4477,4336
12405,4336
4741,4349
5006,4332
5006,4336
14202,14176
5006,4334
4742,4332
4742,4336
14202,14181
4742,4334
13145,14181
4478,4332
13145,14176
4478,4336
5006,4349
12406,4332
13145,14186
14202,14186
4742,4349
5007,4332
5007,4336
14203,14176
4478,4349
5007,4334
4743,4332
4743,4336
4743,4334
4479,4332
5007,4349
14203,14181
4479,4336
12882,14183
4479,4334
12882,14182
12882,14179
12671,4336
4743,4349
12882,14180
12882,14177
14203,14186
12882,14178
4479,4349
5008,4332
5008,4336
14204,14176
4744,4334
4744,4332
14204,14186
4744,4336
5008,4349
14204,14181
4480,4334
4480,4332
4480,4336
4744,4349
4480,4349
5009,4334
12408,4336
5009,4332
5009,4336
12408,4349
4745,4334
4745,4332
13157,13906
4745,4336
13157,13905
4481,4334
13157,13903
14205,14183
4481,4332
13157,13900
14205,14180
5009,4349
4481,4336
12409,4334
12673,4336
4745,4349
13172,13457
5010,4332
13172,13458
13172,13456
13172,13453
5010,4336
13172,13454
5010,4334
4481,4349
13172,13452
13172,13465
14206,14179
4746,4332
14206,14180
14206,14178
13172,13464
4746,4336
13172,13462
13172,13460
4482,4332
13172,13474
4482,4336
5010,4349
13172,13467
4482,4334
14206,14182
12410,4336
4746,4349
13172,13475
5011,4332
12674,4349
4482,4349
4747,4332
14207,14181
4747,4336
14207,14176
4747,4334
4483,4332
5011,4349
14207,14186
4483,4336
12886,14176
4483,4334
4747,4349
12886,14186
12886,14181
4483,4349
5012,4332
12675,4349
5012,4336
4748,4334
4748,4332
14208,14180
14208,14177
4748,4336
5012,4349
4484,4334
4484,4332
4484,4336
4748,4349
4484,4349
8404,13906
5013,4336
4749,4334
14209,14183
14209,14180
4749,4336
14209,14177
4485,4334
13440,13453
13440,13454
4485,4332
5013,4349
4485,4336
13440,13461
13440,13462
13440,13459
4749,4349
13440,13460
14209,14197
13440,13457
5014,4332
13440,13458
13440,13456
12912,13453
5014,4336
13440,13470
12912,13454
4485,4349
5014,4334
13440,13468
4750,4332
13440,13464
12912,13461
4750,4336
12912,13462
12678,4332
4750,4334
12912,13460
12912,13457
4486,4332
12912,13458
7868,14177
14210,14177
12912,13456
14210,14178
12889,14182
4486,4336
12912,13470
5014,4349
12889,14180
12912,13467
4486,4334
12912,13468
12889,14178
12889,14179
12889,14177
12912,13464
12678,4334
7604,14182
4750,4349
5015,4332
5015,4336
14211,14176
4486,4349
5015,4334
4751,4332
4751,4336
12679,4332
4751,4334
4487,4332
5015,4349
14211,14181
4487,4336
12415,4332
4751,4349
14211,14186
4487,4349
5016,4334
5016,4332
14212,14178
5016,4336
4752,4334
4752,4332
4752,4336
5016,4349
4488,4334
4488,4332
14212,14180
4488,4336
4752,4349
13179,13456
13179,13457
13179,13454
4488,4349
5017,4334
5017,4332
13179,13465
14213,14179
5017,4336
4753,4334
13179,13461
4753,4332
13179,13458
4753,4336
4489,4334
14213,14182
14213,14183
4489,4332
5017,4349
4489,4336
13179,13474
4753,4349
5018,4332
5018,4336
4489,4349
5018,4334
14214,14179
4754,4332
4754,4336
4754,4334
4490,4332
4490,4336
5018,4349
4490,4334
4754,4349
12418,4332
5019,4332
5019,4336
5019,4334
4490,4349
4755,4332
13167,13900
14215,14180
14215,14179
4755,4336
13158,14176
4755,4334
4491,4332
5019,4349
13167,13909
13167,13906
13158,14186
4491,4336
13167,13904
13167,13905
4491,4334
13158,14181
13167,13903
13167,13916
4755,4349
13167,13917
13167,13914
12419,4336
13167,13912
13167,13913
13167,13910
4491,4349
5020,4334
5020,4332
5020,4336
14216,14182
4756,4332
14216,14180
14216,14178
12918,13456
12918,13453
4756,4336
12918,13454
5020,4349
4492,4334
4492,4332
12918,13464
12918,13461
4492,4336
4756,4349
4492,4349
5021,4334
5021,4332
5021,4336
4757,4334
4757,4332
4757,4336
14217,14176
4493,4334
4493,4332
5021,4349
14217,14186
4493,4336
4757,4349
5022,4332
12920,13453
5022,4336
4758,4332
4758,4336
4758,4334
12920,13457
4494,4332
12920,13456
4494,4336
5022,4349
4494,4334
12920,13464
4758,4349
5023,4332
5023,4336
4494,4349
4759,4332
4759,4336
4759,4334
4495,4332
5023,4349
4495,4336
4495,4334
4759,4349
13427,14176
5024,4334
5024,4332
13192,5085
5024,4336
4760,4334
13427,14181
4760,4332
12899,14176
7667,4332
4760,4336
5024,4349
4496,4334
13427,14186
4496,4332
4496,4336
4760,4349
12899,14181
4496,4349
5025,4334
5025,4332
12899,14186
5025,4336
4761,4332
4761,4336
4497,4334
4497,4332
5025,4349
13452,13457
4497,4336
12425,4334
13452,13456
13452,13453
4761,4349
5026,4332
13452,13464
13452,13461
5026,4336
13452,13462
4497,4349
4762,4332
4762,4336
13452,13467
4762,4334
13452,13468
4498,4332
4498,4336
4498,4334
13453,13458
13453,13456
13453,13457
13453,13454
4762,4349
13453,13452
5027,4332
13453,13467
13453,13464
13453,13465
5027,4336
13453,13462
4498,4349
4763,4332
13453,13474
13453,13475
7934,4334
4763,4336
4763,4334
13453,13468
4499,4332
4499,4336
4499,4334
4763,4349
13454,13460
13454,13458
13454,13453
4499,4349
5028,4334
5028,4332
13454,13464
5028,4336
4764,4334
4764,4332
4764,4336
5028,4349
4500,4334
4500,4332
4500,4336
4764,4349
13455,13458
4500,4349
5029,4332
5029,4336
4765,4334
4765,4332
4765,4336
4501,4334
12904,14181
13456,13453
4501,4332
13456,13452
4501,4336
12904,14176
13192,13453
13456,13461
13192,13454
13456,13462
13456,13459
4765,4349
13192,13452
13456,13457
5030,4332
12904,14186
13192,13461
5030,4336
13192,13462
13192,13459
13456,13467
4501,4349
13192,13460
13192,13457
13456,13465
4766,4332
13192,13458
13192,13456
4766,4336
13192,13470
13192,13467
13456,13475
4766,4334
4502,4332
13192,13463
13198,5085
13192,13464
12905,14182
5030,4349
12905,14180
13192,13475
13457,13452
4502,4334
13457,13453
12905,14178
12905,14179
12905,14177
13457,13462
4766,4349
13457,13460
13457,13461
5031,4332
13457,13459
13457,13456
5031,4336
4502,4349
5031,4334
13457,13468
4767,4332
13457,13467
13457,13464
13457,13465
4767,4336
4767,4334
4503,4332
13457,13474
5031,4349
13457,13475
4503,4336
13458,13455
4503,4334
13458,13453
12431,4332
13458,13454
4767,4349
13458,13459
5032,4334
4503,4349
13458,13460
5032,4332
13171,14176
5032,4336
13458,13470
4768,4334
4768,4332
4768,4336
5032,4349
4504,4334
4504,4332
13459,13456
13459,13457
4504,4336
4768,4349
13171,14186
13459,13464
13459,13465
13459,13462
13436,14176
5033,4334
4504,4349
12432,4336
13459,13461
5033,4332
13459,13458
13436,14186
5033,4336
7940,4332
4769,4334
13436,14181
4769,4332
4769,4336
7676,4332
4505,4332
13210,4809
13459,13475
13460,13457
13460,13458
4505,4336
13460,13454
4769,4349
13460,13464
5034,4336
12433,4336
4505,4349
4770,4332
4770,4336
4770,4334
13460,13468
4506,4332
4506,4336
5034,4349
4506,4334
13461,13459
13461,13456
13461,13457
4770,4349
13461,13452
5035,4332
13461,13464
13461,13465
5035,4336
13461,13462
4506,4349
5035,4334
4771,4332
4771,4336
4771,4334
13461,13468
4507,4332
5035,4349
13462,13452
4507,4336
4507,4334
13462,13459
4771,4349
13198,13452
13462,13457
13462,13456
13462,13453
13198,13459
13439,14180
13462,13467
4507,4349
5036,4334
13198,13460
13198,13457
13439,14178
5036,4332
13198,13458
13439,14179
13198,13455
13198,13456
13439,14177
13198,13453
13462,13461
5036,4336
13198,13454
13198,13467
13462,13475
4772,4332
13213,4809
13198,13463
13198,13464
13198,13461
4772,4336
13198,13462
5036,4349
13198,13475
4508,4334
4508,4332
4508,4336
13198,13470
4772,4349
4508,4349
5037,4334
5037,4332
5037,4336
4773,4334
4773,4332
4773,4336
4509,4334
13464,13453
13464,13454
4509,4332
5037,4349
13464,13452
4509,4336
13464,13461
13464,13459
4773,4349
13464,13460
13464,13457
5038,4332
5038,4336
13464,13467
4509,4349
5038,4334
13441,14181
5272,13464
4774,4332
13441,14176
4774,4336
13464,13475
4774,4334
13441,14186
4510,4332
4510,4336
5038,4349
4510,4334
13465,13453
4774,4349
13465,13461
5039,4332
13465,13459
13465,13456
13465,13457
5039,4336
7916,13453
4510,4349
4775,4332
7916,13456
4775,4336
4775,4334
4511,4332
13465,13474
5039,4349
4511,4336
13466,13456
4511,4334
4775,4349
13472,5085
13466,13464
4511,4349
5040,4334
13466,13460
13466,13457
5040,4332
5040,4336
4776,4334
4776,4332
4776,4336
5040,4349
13466,13475
4512,4334
4512,4332
13467,13456
13467,13457
4512,4336
4776,4349
13467,13452
13467,13453
13467,13464
13467,13462
5041,4334
4512,4349
5041,4332
5041,4336
4777,4334
13467,13468
4777,4332
7654,13456
4777,4336
4513,4334
4513,4332
13467,13474
5041,4349
13468,13457
4513,4336
13468,13453
4777,4349
13468,13452
5042,4332
13468,13461
5042,4336
5042,4334
4513,4349
13468,13460
4778,4332
13468,13474
4778,4336
13468,13467
4778,4334
4514,4332
12955,4809
4514,4336
5042,4349
13468,13475
4514,4334
13469,13458
13469,13459
13469,13456
13469,13457
13469,13454
4778,4349
13469,13452
13469,13453
13469,13467
13469,13464
5043,4336
13469,13462
5043,4334
4514,4349
13469,13460
13469,13461
4779,4332
13469,13474
4779,4336
13469,13470
4779,4334
13469,13468
4515,4332
5043,4349
4515,4336
4515,4334
4779,4349
12443,4336
13470,13458
4515,4349
5044,4334
5044,4332
13476,5085
8191,5085
5044,4336
4780,4334
4780,4332
4780,4336
5044,4349
4516,4334
13471,13453
4516,4332
12928,13900
4516,4336
12928,13905
13471,13456
12928,13906
13471,13457
12928,13903
13471,13454
12444,4334
4516,4349
5045,4334
5045,4332
12928,13915
13471,13464
5045,4336
12928,13911
4781,4334
4781,4332
4781,4336
4517,4334
13472,13453
13472,13454
4517,4332
5045,4349
4777,4465
4517,4336
13472,13461
13472,13462
13472,13459
4781,4349
13472,13460
13472,13457
5046,4332
13472,13458
13472,13456
12944,13453
5046,4336
13472,13470
12944,13454
13472,13467
5046,4334
4517,4349
13472,13468
4782,4332
13472,13464
4782,4336
4782,4334
12944,13460
12944,13457
4518,4332
12944,13456
4518,4336
5046,4349
4518,4334
12944,13465
4782,4349
5047,4332
5047,4336
4518,4349
5047,4334
4783,4332
4783,4336
4783,4334
4519,4332
5047,4349
7690,4334
4519,4336
12931,13905
13474,13453
12931,13903
12931,13900
4783,4349
12931,13912
12931,13913
12931,13910
12931,13911
4519,4349
5048,4334
12931,13909
12931,13906
13474,13457
5048,4332
5048,4336
12931,13916
13474,13467
4784,4334
13474,13468
13474,13465
4784,4332
13196,13905
12952,5085
13196,13906
13196,13903
4784,4336
5048,4349
13474,13475
4520,4334
4520,4332
13196,13900
13475,13456
13475,13457
4520,4336
4784,4349
13475,13453
13475,13464
13475,13462
13481,5085
5049,4334
4520,4349
5049,4332
13475,13459
5049,4336
4785,4334
13475,13468
4785,4332
4785,4336
4521,4334
4521,4332
13475,13474
5049,4349
13476,13457
4521,4336
13476,13456
13476,13453
4785,4349
5050,4332
13476,13464
13476,13461
5050,4336
13476,13459
4521,4349
5050,4334
4786,4332
4786,4336
4786,4334
13476,13468
4522,4332
4522,4336
5050,4349
4522,4334
13477,13458
13477,13459
13477,13456
13477,13457
13477,13454
8222,4332
4786,4349
13477,13452
13477,13453
5051,4332
13477,13467
13477,13464
5051,4336
13477,13462
4522,4349
5051,4334
13477,13460
13477,13461
4787,4332
13477,13473
4787,4336
13477,13470
4787,4334
4523,4332
5051,4349
4523,4336
4523,4334
4787,4349
13478,13457
13478,13458
13478,13456
13478,13453
4523,4349
5052,4332
13478,13464
7959,4332
13478,13461
5052,4336
13478,13462
4788,4334
7959,4336
13478,13473
4788,4332
4788,4336
13478,13470
5052,4349
4524,4334
13479,13453
4524,4332
12936,13900
4524,4336
4788,4349
12936,13905
13479,13456
12452,4332
12936,13906
12936,13903
13479,13454
4524,4349
5053,4334
12936,13917
5053,4332
12936,13915
12936,13916
12936,13913
5053,4336
12936,13911
4789,4332
4789,4336
4525,4334
4525,4332
5053,4349
4525,4336
4789,4349
5054,4332
13480,13456
12952,13453
12952,13454
4525,4349
12952,13452
4790,4332
13202,13903
12952,13461
4790,4336
12952,13462
12952,13459
12952,13460
12952,13457
5817,13462
4526,4332
13202,13900
12952,13458
12952,13456
4526,4336
12952,13470
5054,4349
12952,13467
4526,4334
13202,13905
12952,13463
13202,13906
12952,13464
5055,4332
13481,13456
5055,4336
12953,13454
13194,14176
4526,4349
5055,4334
4791,4332
4791,4336
4791,4334
13194,14181
4527,4332
12953,13458
5055,4349
12953,13456
13481,13473
12953,13457
4527,4336
4527,4334
12953,13468
12455,4332
4791,4349
12953,13464
13194,14186
13482,13464
4527,4349
5056,4334
5056,4332
5056,4336
4792,4334
4792,4332
4792,4336
5056,4349
4528,4334
4528,4332
4528,4336
4792,4349
4528,4349
5057,4334
5057,4332
5057,4336
4793,4334
4793,4332
4793,4336
4529,4334
12691,13453
4529,4332
5057,4349
12691,13464
4529,4336
12691,13458
4793,4349
5058,4332
5058,4336
4529,4349
5058,4334
12691,13467
4794,4332
4794,4336
4794,4334
4530,4332
4530,4336
5058,4349
4530,4334
4794,4349
5059,4332
5059,4336
5059,4334
4530,4349
4795,4332
4795,4336
4795,4334
8177,14179
4531,4332
5059,4349
4531,4336
4531,4334
4795,4349
13222,13459
4531,4349
5060,4334
13222,13460
13222,13457
5060,4332
13222,13458
13222,13456
13222,13453
5060,4336
13222,13454
4796,4332
13222,13464
13222,13461
4796,4336
13222,13462
5060,4349
4532,4334
4532,4332
4532,4336
13222,13470
4796,4349
4532,4349
5061,4334
5061,4332
5061,4336
4797,4334
4797,4332
4797,4336
4533,4334
4533,4332
4533,4336
12681,13903
12681,13900
4797,4349
5062,4332
5062,4336
4533,4349
12681,13906
4798,4332
12681,13905
4798,4336
4798,4334
4534,4332
4534,4336
5062,4349
4798,4349
5063,4332
12702,5085
5063,4336
4534,4349
5063,4334
4799,4332
4799,4336
4799,4334
4535,4332
5063,4349
4535,4336
4511,5085
4535,4349
4800,4334
4800,4332
4800,4336
5064,4349
4536,4334
4536,4332
12948,13905
12948,13906
12948,13903
4536,4336
12948,13904
4800,4349
12948,13900
12948,13911
12948,13912
4536,4349
5065,4334
12948,13910
5065,4332
5065,4336
4801,4334
12948,13917
4801,4332
12948,13915
12948,13916
4801,4336
4537,4334
4537,4332
5065,4349
4537,4336
4801,4349
5066,4332
5066,4336
4537,4349
5066,4334
4802,4332
4802,4336
4802,4334
4538,4332
4538,4336
5066,4349
4538,4334
4802,4349
5067,4332
5067,4336
4538,4349
5067,4334
4803,4332
4803,4336
4803,4334
11938,4332
4539,4332
5067,4349
4539,4336
4539,4334
4803,4349
4539,4349
5068,4334
12966,13452
5068,4332
5068,4336
12966,13459
4804,4334
12702,13452
12966,13460
5831,13457
12966,13457
4804,4332
12966,13458
12966,13456
12966,13453
4804,4336
12966,13454
5068,4349
12702,13459
12966,13467
4540,4334
12702,13460
12702,13457
4540,4332
12702,13458
12702,13456
12966,13464
12966,13461
12702,13453
4540,4336
12702,13454
4804,4349
12702,13467
12702,13468
12702,13463
12702,13464
12702,13461
12966,13470
12702,13462
4540,4349
5069,4334
12702,13475
5069,4332
12702,13473
5069,4336
12702,13470
4805,4334
4805,4332
4805,4336
4541,4334
4541,4332
5069,4349
4541,4336
4805,4349
5070,4332
4541,4349
4806,4332
4806,4336
4806,4334
4542,4332
4542,4336
5070,4349
4806,4349
5071,4332
5071,4336
4542,4349
4807,4332
4807,4336
4807,4334
13210,14181
4543,4332
5071,4349
4543,4336
4807,4349
13210,14186
4543,4349
5072,4334
5072,4332
5072,4336
4808,4334
4808,4332
4808,4336
5072,4349
4544,4334
4544,4332
4544,4336
4808,4349
4544,4349
5073,4332
8244,4336
4545,4334
4545,4332
12957,13906
4545,4336
12957,13904
12957,13905
12957,13903
12957,13900
5074,4332
5074,4336
4545,4349
4810,4332
13213,14176
4810,4336
4810,4334
13213,14186
12949,14178
4546,4332
12949,14179
12949,14177
4546,4336
5074,4349
4546,4334
13213,14181
12949,14182
4810,4349
12949,14180
5075,4332
5075,4336
4546,4349
4811,4332
4811,4336
4811,4334
4547,4332
5075,4349
7688,13456
4547,4336
4547,4334
4811,4349
7982,4349
4547,4349
5076,4336
4812,4334
4812,4332
4812,4336
5076,4349
4548,4334
4548,4332
4548,4336
4812,4349
4548,4349
5077,4336
4813,4334
4813,4332
4813,4336
4549,4332
4549,4336
7931,14183
8219,13456
4813,4349
4549,4349
4814,4332
4814,4336
4550,4332
4550,4336
5078,4349
4550,4334
533,14179
4814,4349
12689,14181
12689,14176
5079,4336
4550,4349
4815,4332
12689,14186
4815,4336
4815,4334
4551,4332
5079,4349
4551,4336
12963,13905
4551,4334
12963,13903
12963,13900
4815,4349
12963,13910
12963,13911
4551,4349
12963,13909
12963,13906
5080,4332
5080,4336
12963,13917
12963,13915
12955,14176
4816,4336
5080,4349
4552,4334
4552,4332
4552,4336
12955,14181
4552,4349
5081,4334
12955,14186
13220,14178
4817,4334
4817,4332
4817,4336
13220,14183
4553,4334
13220,14182
4553,4332
13220,14179
13220,14180
4553,4336
4817,4349
5082,4332
4553,4349
4818,4332
4818,4336
4818,4334
4554,4332
4554,4336
5082,4349
4554,4334
4818,4349
4554,4349
4819,4332
13231,13900
4819,4336
4819,4334
4555,4332
5083,4349
13231,13906
4555,4336
13231,13905
12958,14176
13231,13903
4819,4349
13246,13452
13231,13914
12958,14186
12958,14181
4555,4349
13246,13457
5084,4332
13246,13456
13246,13453
5084,4336
13246,13454
4820,4334
4820,4332
4820,4336
5084,4349
4556,4332
4556,4336
4820,4349
4556,4349
4821,4334
4821,4332
4821,4336
4557,4334
4557,4332
4557,4336
4821,4349
4557,4349
4822,4332
4822,4336
4822,4334
4558,4332
4558,4336
4558,4334
4822,4349
12726,5085
4558,4349
4823,4332
4823,4336
4823,4334
4559,4332
4808,4809
4559,4336
4559,4334
4823,4349
4559,4349
12698,14180
4824,4334
4824,4332
4824,4336
4560,4334
4560,4332
4560,4336
4824,4349
4560,4349
4825,4334
4825,4332
4825,4336
4561,4334
4561,4332
4561,4336
4825,4349
4561,4349
4826,4332
4826,4336
4826,4334
4562,4332
4562,4336
4562,4334
4826,4349
4562,4349
4827,4332
4827,4336
4827,4334
4563,4332
4563,4336
4563,4334
4827,4349
13548,4332
4563,4349
4828,4334
12726,13452
4828,4332
4828,4336
4564,4334
12726,13457
4564,4332
12996,5085
12726,13456
4564,4336
4828,4349
11919,13906
13549,4336
13549,4332
12726,13462
4564,4349
12991,13453
4829,4334
4829,4332
4829,4336
12991,13454
4565,4334
4565,4332
4565,4336
12991,13462
12997,5085
4829,4349
4565,4349
4830,4332
8001,4332
4830,4336
4830,4334
8001,4336
4566,4332
4566,4336
4566,4334
4830,4349
11965,4349
4566,4349
4831,4332
4831,4336
4831,4334
4567,4332
4567,4336
4567,4334
4831,4349
4567,4349
13552,4349
4832,4334
4832,4332
13000,5085
4832,4336
4568,4334
4568,4332
4568,4336
4832,4349
4568,4349
4833,4334
4833,4332
4833,4336
4569,4334
4569,4332
4569,4336
13554,4334
4833,4349
4569,4349
12996,13457
4834,4332
12996,13458
12996,13455
12996,13456
12996,13453
4834,4336
4834,4334
4570,4332
12996,13464
12996,13461
4570,4336
12996,13462
12996,13459
4570,4334
12996,13460
12996,13470
4834,4349
4570,4349
4835,4332
12997,13456
12997,13457
4835,4336
12997,13454
4835,4334
12997,13453
4571,4332
4571,4336
4571,4334
4835,4349
12739,5085
4571,4349
4836,4332
4836,4336
4572,4334
4572,4332
4572,4336
4572,4349
4837,4332
4837,4336
4573,4334
4573,4332
4573,4336
13000,13453
13000,13454
4573,4349
13000,13452
4838,4332
12237,4332
13000,13461
4838,4336
13000,13462
13000,13459
4838,4334
13000,13460
13000,13457
4574,4332
13000,13458
13000,13456
4574,4336
13000,13470
13000,13467
4574,4334
13000,13463
13000,13464
4838,4349
4574,4349
4839,4332
4839,4336
4839,4334
4575,4332
4575,4336
4575,4334
4839,4349
4575,4349
4840,4334
4840,4332
4840,4336
4576,4334
4576,4332
4576,4336
4840,4349
8276,4332
4576,4349
13003,13456
13003,13457
13003,13454
13273,5085
4841,4334
13003,13452
13003,13453
4841,4332
12739,13456
13003,13464
12739,13457
4841,4336
13003,13462
12739,13454
4577,4334
13003,13460
12739,13452
13003,13461
12739,13453
4577,4332
13003,13458
13003,13459
12716,14177
12739,13464
12716,14178
4577,4336
12739,13462
13003,13470
12739,13463
13003,13468
12739,13460
12739,13461
12739,13458
4841,4349
12739,13459
13003,13467
12739,13470
12716,14182
12716,14179
13003,13474
4577,4349
12739,13467
12716,14180
4842,4332
4842,4336
4842,4334
12739,13475
4578,4332
12990,13900
4578,4336
4578,4334
12990,13905
12990,13906
12990,13903
4842,4349
4578,4349
4843,4332
4843,4336
7750,4332
4843,4334
12982,14179
12982,14180
12982,14177
12982,14178
4843,4349
12982,14182
4579,4349
4844,4334
4844,4332
4844,4336
12983,14180
4580,4334
12983,14178
4580,4332
12983,14179
12983,14177
4580,4336
4844,4349
12983,14182
12983,14183
4580,4349
8227,14177
4845,4334
13248,14181
4845,4332
4845,4336
13248,14176
4581,4334
4581,4332
13248,14186
4581,4336
4845,4349
4581,4349
4846,4332
12744,13453
4846,4336
12744,13454
4846,4334
4582,4332
12744,13461
4582,4336
12744,13462
12744,13459
12744,13460
12744,13457
12744,13458
13023,4809
13014,5085
12744,13456
13273,13454
12744,13470
4846,4349
12744,13467
13273,13452
13273,13453
12744,13464
13273,13462
13273,13463
4582,4349
13273,13460
13273,13461
4847,4332
13273,13458
13273,13459
13273,13456
13273,13457
4847,4336
13273,13470
4847,4334
4583,4332
13273,13467
13273,13464
4583,4336
4583,4334
4847,4349
4583,4349
4848,4334
4848,4332
12987,14176
4848,4336
4584,4334
4584,4332
4584,4336
4848,4349
12987,14181
4584,4349
12987,14186
4849,4334
4849,4332
4849,4336
4585,4334
4585,4332
4585,4336
4849,4349
4585,4349
4850,4332
4850,4336
4850,4334
8021,4336
